Age,Number of sexual partners,First sexual intercourse,Num of pregnancies,Smokes,Smokes (years),Smokes (packs/year),Hormonal Contraceptives,Hormonal Contraceptives (years),IUD,IUD (years),STDs,STDs (number),STDs:condylomatosis,STDs:syphilis,STDs:pelvic inflammatory disease,STDs:genital herpes,STDs:HIV,STDs:HPV,Dx:Cancer,Dx:CIN,Dx:HPV,Hinselmann,Schiller,Citology,Biopsy
38,8,19,0,0,0,0,1,3,0,0,0,0,0,0,0,0,0,0,0,0,0,1,0,0,0
57,3,15,4,0,0,0,1,2.1,0,0,0,0,0,0,0,0,0,0,0,0,0,0,1,1,1
22,1,20,0,0,0,0,1,0.9,0,0,0,0,0,0,0,0,0,0,0,0,0,0,0,0,0
20,2,15,1,0,0,0,1,4,0,0,0,0,0,0,0,0,0,0,0,0,0,0,0,0,0
25,1,20,1,0,0,0,0,0,0,0,0,0,0,0,0,0,0,0,0,0,0,0,0,0,0
31,1,22,0,0,0,0,1,7.9,0,0,0,0,0,0,0,0,0,0,0,0,0,0,0,0,0
26,6,15,2,0,0,0,1,0.6,0,0,0,0,0,0,0,0,0,0,0,0,0,0,1,0,0
74,1,16,9,0,0,0,1,4,0,0,0,0,0,0,0,0,0,0,0,0,0,0,0,0,0
25,1,20,1,1,10.4,0.68,1,4.6,0,0,0,0,0,0,0,0,0,0,0,0,0,0,0,0,0
29,4,16,0,0,0,0,0,0,0,0,0,0,0,0,0,0,0,0,0,0,0,0,0,0,0
55,8,20,9,0,0,0,1,11.3,0,0,0,0,0,0,0,0,0,0,0,0,0,0,1,1,0
70,2,22,0,0,0,0,1,6.8,0,0,0,0,0,0,0,0,0,0,0,0,0,0,0,0,0
28,1,18,1,0,0,0,1,1.6,1,1.2,0,0,0,0,0,0,0,0,0,0,0,0,0,0,0
26,5,17,0,0,0,0,1,9.7,0,0,0,0,0,0,0,0,0,0,0,0,0,0,0,0,0
72,2,15,9,0,0,0,0,0,0,0,0,0,0,0,0,0,0,0,0,0,0,0,0,0,0
49,5,19,6,0,0,0,0,0,0,0,0,0,0,0,0,0,0,0,0,0,0,0,0,0,0
57,9,20,0,0,0,0,0,0,0,0,0,0,0,0,0,0,0,0,0,0,0,0,0,0,0
32,5,22,2,1,3,0.37,1,4.5,0,0,0,0,0,0,0,0,0,0,0,0,0,0,0,0,0
40,9,22,0,0,0,0,1,8.6,0,0,0,0,0,0,0,0,0,0,0,0,0,1,0,0,1
20,1,18,0,0,0,0,1,4,0,0,0,0,0,0,0,0,0,0,0,0,0,0,0,0,0
61,2,21,0,0,0,0,0,0,0,0,0,0,0,0,0,0,0,0,0,0,0,0,0,0,0
20,3,20,0,0,0,0,0,0,0,0,0,0,0,0,0,0,0,0,0,0,0,0,0,0,0
22,3,19,1,0,0,0,1,2.5,0,0,0,0,0,0,0,0,0,0,0,0,0,0,0,1,0
28,3,17,1,0,0,0,0,0,1,4.7,0,0,0,0,0,0,0,0,0,0,0,1,0,0,0
20,1,20,0,0,0,0,1,0.5,0,0,0,0,0,0,0,0,0,0,0,0,0,0,0,0,0
57,1,19,0,0,0,0,0,0,0,0,0,0,0,0,0,0,0,0,0,0,0,0,0,0,0
20,1,20,0,0,0,0,1,4,0,0,0,0,0,0,0,0,0,0,0,0,0,0,1,0,0
26,12,?,1,0,0,0,1,7.1,0,0,0,0,0,0,0,0,0,0,0,0,0,0,0,0,0
21,1,20,0,0,0,0,0,0,0,0,0,0,0,0,0,0,0,0,0,0,0,0,0,0,0
51,?,15,4,1,13.4,1.88,1,4.9,0,0,0,0,0,0,0,0,0,0,0,0,0,0,1,0,0
37,3,18,3,0,0,0,1,11.1,0,0,0,0,0,0,0,0,0,0,0,0,0,0,0,0,0
65,10,19,0,0,0,0,1,7.8,0,0,0,0,0,0,0,0,0,0,0,0,0,0,0,0,0
22,11,17,1,0,0,0,1,6,0,0,0,0,0,0,0,0,0,0,0,0,0,0,0,0,0
42,2,20,0,1,2.3,1.92,1,0.5,0,0,0,0,0,0,0,0,0,0,0,0,0,0,0,0,0
39,8,19,0,0,0,0,1,2.1,0,0,0,0,0,0,0,0,0,0,0,0,0,0,0,0,0
21,9,15,1,0,0,0,0,0,0,0,0,0,0,0,0,0,0,0,0,0,0,0,0,0,0
29,2,18,2,0,0,0,1,6.2,0,0,0,0,0,0,0,0,0,0,0,0,0,0,0,1,1
21,6,18,1,0,0,0,1,5,0,0,0,0,0,0,0,0,0,0,0,0,0,0,0,0,0
49,1,20,6,0,0,0,1,5,1,3.2,1,1,1,0,1,0,0,1,1,1,1,1,1,1,1
62,5,?,9,0,0,0,0,0,0,0,1,1,0,0,0,0,0,0,0,0,0,0,1,0,1
23,13,22,?,0,0,0,1,7,0,0,0,0,0,0,0,0,0,0,0,0,0,0,1,0,0
42,1,20,6,0,0,0,1,1.2,0,0,0,0,0,0,0,0,0,0,0,0,0,0,0,0,0
29,1,21,2,0,0,0,0,0,0,0,0,0,0,0,0,0,0,0,0,0,0,0,0,0,0
64,2,16,9,0,0,0,1,11.5,1,7.6,0,0,0,0,0,0,0,0,0,0,0,0,0,0,1
46,1,16,3,0,0,0,1,7.7,0,0,0,0,0,0,0,0,0,0,0,0,0,0,0,0,0
73,2,17,9,0,0,0,0,0,0,0,0,0,0,0,0,0,0,0,0,0,0,0,0,0,0
20,1,20,0,0,0,0,0,0,0,0,0,0,0,0,0,0,0,0,0,0,0,0,0,0,0
47,9,21,5,0,0,0,0,0,0,0,0,0,0,0,0,0,0,0,0,0,0,1,0,0,0
47,1,22,3,0,0,0,1,6.4,1,2.3,0,0,0,0,0,0,0,0,0,0,0,0,0,1,1
24,4,23,0,0,0,0,0,0,0,0,0,0,0,0,0,0,0,0,0,0,0,0,0,0,0
31,1,20,3,0,0,0,0,0,1,4.2,0,0,0,0,0,0,0,0,0,0,0,0,0,0,0
39,3,?,5,0,0,0,1,1,0,0,0,0,0,0,0,0,0,0,0,0,0,0,0,0,0
71,9,19,9,1,9.1,1.84,1,11.6,0,0,0,0,0,0,0,0,0,0,0,0,0,0,1,1,1
75,6,21,9,0,0,0,1,6.7,1,2.9,0,0,0,0,0,0,0,0,0,0,0,0,1,0,1
21,11,17,1,0,0,0,1,2,0,0,0,0,0,0,0,0,0,0,0,0,0,0,0,0,0
28,12,17,1,0,0,0,0,0,0,0,0,0,0,0,0,0,0,0,0,0,0,1,0,1,0
27,4,16,0,0,0,0,0,0,0,0,0,0,0,0,0,0,0,0,0,0,0,0,0,0,0
31,3,23,1,1,9.9,2.83,1,2.8,0,0,0,0,0,0,0,0,0,0,0,0,0,0,0,1,0
21,1,15,1,0,0,0,0,0,0,0,0,0,0,0,0,0,0,0,0,0,0,0,0,0,0
36,2,17,3,0,0,0,1,4.4,0,0,0,0,0,0,0,0,0,0,0,0,0,0,0,0,0
36,1,16,0,0,0,0,1,9.9,0,0,0,0,0,0,0,0,0,0,0,0,0,0,0,0,0
21,1,16,1,0,0,0,0,0,0,0,0,0,0,0,0,0,0,0,0,0,0,0,1,0,1
20,2,15,1,0,0,0,1,4,0,0,0,0,0,0,0,0,0,0,0,0,0,1,0,0,0
22,3,21,0,0,0,0,1,0.2,0,0,0,0,0,0,0,0,0,0,0,0,0,0,0,0,0
71,2,19,0,0,0,0,1,0.4,0,0,0,0,0,0,0,0,0,0,0,0,0,0,0,0,0
29,2,23,0,0,0,0,1,5,0,0,0,0,0,0,0,0,0,0,0,0,0,0,0,0,0
45,1,17,6,0,0,0,1,4.8,0,0,0,0,0,0,0,0,0,0,0,0,0,0,0,0,0
54,1,19,9,0,0,0,0,0,0,0,0,0,0,0,0,0,0,0,0,0,0,0,0,0,0
21,11,21,0,0,0,0,1,1.9,0,0,0,0,0,0,0,0,0,0,0,0,0,0,0,0,0
23,1,17,0,0,0,0,1,6.4,0,0,0,0,0,0,0,0,0,0,0,0,0,0,0,1,1
66,6,21,9,0,0,0,0,0,0,0,1,1,0,0,0,1,0,0,0,0,0,0,1,1,0
20,1,18,0,0,0,0,0,0,0,0,0,0,0,0,0,0,0,0,0,0,0,0,0,0,0
42,1,16,3,0,0,0,1,1.4,0,0,0,0,0,0,0,0,0,0,0,0,0,0,0,0,0
46,1,21,4,0,0,0,0,0,0,0,0,0,0,0,0,0,0,0,1,0,0,0,1,1,1
33,10,15,0,0,0,0,0,0,0,0,0,0,0,0,0,0,0,0,0,0,0,0,1,0,1
50,3,22,0,0,0,0,0,0,0,0,0,0,0,0,0,0,0,0,0,0,0,1,0,0,0
39,5,19,3,1,1.5,1.37,1,4.2,0,0,1,1,1,1,0,1,0,1,1,1,1,1,1,1,1
44,4,18,0,1,16.5,2.36,1,0.7,0,0,0,0,0,0,0,0,0,0,0,0,0,1,0,0,0
74,?,20,9,0,0,0,0,0,0,0,0,0,0,0,0,0,0,0,0,0,0,0,0,0,0
37,1,15,5,0,0,0,1,3.3,0,0,1,1,1,0,0,0,0,0,0,0,0,1,0,0,0
54,7,16,4,1,8.7,1.25,0,0,0,0,0,0,0,0,0,0,0,0,0,0,0,1,0,0,0
64,2,15,9,0,0,0,1,10.8,0,0,0,0,0,0,0,0,0,0,0,0,0,0,0,0,0
66,1,18,8,0,0,0,1,0.5,0,0,0,0,0,0,0,0,0,0,0,0,0,0,0,0,0
23,1,22,0,0,0,0,1,1.4,0,0,0,0,0,0,0,0,0,0,0,0,0,0,0,0,0
41,12,15,0,0,0,0,1,0.6,1,7.9,0,0,0,0,0,0,0,0,0,0,0,0,0,0,0
52,3,16,7,0,0,0,0,0,0,0,0,0,0,0,0,0,0,0,0,0,0,0,0,0,0
21,1,18,0,0,0,0,1,5,0,0,0,0,0,0,0,0,0,0,0,0,0,0,0,0,0
43,1,19,5,0,0,0,1,1.4,0,0,0,0,0,0,0,0,0,0,0,0,0,0,0,0,0
47,12,20,5,0,0,0,1,1.5,0,0,0,0,0,0,0,0,0,0,0,0,0,0,0,0,0
26,1,16,1,0,0,0,0,0,0,0,0,0,0,0,0,0,0,0,0,0,0,0,0,0,0
64,1,22,9,0,0,0,1,1.6,0,0,0,0,0,0,0,0,0,0,0,0,0,0,0,0,0
35,1,18,2,1,12.3,0.98,1,11.2,0,0,0,0,0,0,0,0,0,0,0,0,0,0,1,0,0
36,?,17,3,0,0,0,0,0,1,5,0,0,0,0,0,0,0,0,0,0,0,0,0,1,0
31,12,23,2,0,0,0,0,0,0,0,0,0,0,0,0,0,0,0,0,0,0,0,0,0,0
20,1,16,1,0,0,0,0,0,0,0,0,0,0,0,0,0,0,0,0,0,0,0,1,0,1
21,3,21,?,0,0,0,1,5,0,0,0,0,0,0,0,0,0,0,0,0,0,0,0,0,0
33,4,20,2,0,0,0,1,2.7,0,0,1,2,0,0,0,0,0,0,0,0,0,0,0,1,0
33,4,18,3,0,0,0,1,5.8,0,0,0,0,0,0,0,0,0,0,0,0,0,0,0,0,0
23,3,20,1,0,0,0,1,7,1,5.1,0,0,0,0,0,0,0,0,0,0,0,1,0,0,0
22,9,15,2,0,0,0,1,1.8,1,0.9,0,0,0,0,0,0,0,0,0,0,0,0,0,0,0
20,2,19,0,1,6,0.48,0,0,0,0,0,0,0,0,0,0,0,0,0,0,0,0,0,0,1
66,5,15,9,0,0,0,1,0.7,0,0,0,0,0,0,0,0,0,0,0,0,0,0,0,0,0
24,2,22,0,0,0,0,0,0,0,0,0,0,0,0,0,0,0,0,0,0,0,0,0,0,1
67,3,22,9,0,0,0,1,11.6,0,0,0,0,0,0,0,0,0,0,0,0,0,0,0,0,0
56,4,17,7,0,0,0,0,0,0,0,0,0,0,0,0,0,0,0,0,0,0,0,0,0,0
45,1,21,4,0,0,0,0,0,0,0,0,0,0,0,0,0,0,0,0,0,0,0,0,0,0
43,3,16,7,0,0,0,1,8.4,1,0.6,0,0,0,0,0,0,0,0,0,0,0,0,0,0,0
25,1,17,1,0,0,0,1,4.2,1,3.2,0,0,0,0,0,0,0,0,0,0,0,0,0,0,0
20,1,15,1,0,0,0,1,4,0,0,0,0,0,0,0,0,0,0,0,0,0,0,0,0,0
20,12,20,0,0,0,0,1,4,0,0,0,0,0,0,0,0,0,0,0,0,0,0,0,0,0
43,6,16,7,0,0,0,0,0,0,0,0,0,0,0,0,0,0,0,0,0,0,1,0,0,0
34,1,17,2,0,0,0,1,7,0,0,0,0,0,0,0,0,0,0,0,0,0,0,0,0,0
21,1,18,0,0,0,0,1,3.2,0,0,0,0,0,0,0,0,0,0,0,0,0,0,1,0,0
46,5,17,8,0,0,0,1,0.8,0,0,0,0,0,0,0,0,0,0,0,0,0,0,0,0,0
35,7,22,0,0,0,0,0,0,0,0,0,0,0,0,0,0,0,0,0,0,0,0,1,0,1
20,2,20,0,1,6,0.78,0,0,0,0,0,0,0,0,0,0,0,0,0,0,0,0,0,1,0
20,5,20,0,0,0,0,1,4,0,0,0,0,0,0,0,0,0,0,0,0,0,0,0,0,0
61,1,16,9,0,0,0,1,11.9,0,0,0,0,0,0,0,0,0,0,0,0,0,0,0,0,0
21,1,21,0,0,0,0,0,0,0,0,0,0,0,0,0,0,0,0,0,0,0,0,0,0,0
24,10,19,1,0,0,0,0,0,0,0,0,0,0,0,0,0,0,0,0,0,0,0,1,0,0
22,1,18,1,0,0,0,0,0,0,0,1,2,1,0,0,0,0,1,0,1,1,1,1,1,1
28,3,18,2,0,0,0,1,8.2,0,0,0,0,0,0,0,0,0,0,0,0,0,0,0,0,0
64,3,22,0,0,0,0,0,0,1,4,0,0,0,0,0,0,0,0,0,0,0,0,0,0,0
20,4,17,?,1,6,2.44,0,0,0,0,0,0,0,0,0,0,0,0,0,0,0,0,1,0,0
21,1,21,0,0,0,0,0,0,0,0,0,0,0,0,0,0,0,0,0,0,0,0,0,0,0
22,11,22,0,0,0,0,1,0.6,1,7.7,1,1,0,0,0,0,1,0,0,0,0,1,1,0,0
21,5,18,0,1,7,0.35,1,0.6,0,0,0,0,0,0,0,0,0,0,0,0,1,1,1,1,1
39,11,22,5,0,0,0,1,9.4,0,0,1,1,0,0,0,0,0,1,1,1,1,1,1,1,1
32,3,21,3,0,0,0,1,4.4,0,0,0,0,0,0,0,0,0,0,0,0,0,0,0,0,0
52,1,23,5,0,0,0,1,11.4,0,0,0,0,0,0,0,0,0,0,0,0,0,1,0,0,0
25,2,23,0,0,0,0,0,0,0,0,0,0,0,0,0,0,0,0,0,0,0,0,0,0,0
32,8,20,0,0,0,0,1,9,0,0,0,0,0,0,0,0,0,0,0,0,0,0,1,0,1
29,3,20,0,0,0,0,0,0,0,0,0,0,0,0,0,0,0,0,0,0,0,0,0,0,0
55,11,20,0,0,0,0,0,0,0,0,1,1,1,0,0,0,0,0,0,0,0,0,1,0,0
53,5,21,6,0,0,0,0,0,0,0,0,0,0,0,0,0,0,0,0,0,0,0,0,0,0
28,1,21,1,1,2.7,2.77,1,5.7,0,0,1,1,1,0,0,0,0,0,0,0,0,0,0,0,0
59,1,23,?,0,0,0,1,8.2,0,0,0,0,0,0,0,0,0,0,0,0,0,0,0,0,0
32,6,17,2,0,0,0,1,5.6,0,0,0,0,0,0,0,0,0,0,0,0,0,0,0,0,0
65,3,23,9,0,0,0,1,11.6,0,0,0,0,0,0,0,0,0,0,0,0,0,0,0,0,0
30,1,22,2,0,0,0,0,0,0,0,0,0,0,0,0,0,0,0,0,0,0,0,0,0,0
26,1,17,2,0,0,0,0,0,0,0,0,0,0,0,0,0,0,0,0,0,0,0,0,0,0
24,11,21,0,0,0,0,1,3.2,0,0,0,0,0,0,0,0,0,0,0,0,0,0,0,0,0
28,2,18,2,0,0,0,0,0,0,0,0,0,0,0,0,0,0,0,0,0,0,0,0,0,0
47,1,23,4,0,0,0,1,1.9,0,0,0,0,0,0,0,0,0,0,0,0,0,0,0,0,0
21,1,19,0,0,0,0,0,0,0,0,0,0,0,0,0,0,0,0,0,0,0,0,0,0,0
36,2,18,4,0,0,0,1,4.1,0,0,0,0,0,0,0,0,0,0,0,0,0,0,0,0,0
21,1,15,0,0,0,0,0,0,0,0,0,0,0,0,0,0,0,0,0,0,0,0,0,0,0
20,1,20,0,0,0,0,1,4,0,0,0,0,0,0,0,0,0,0,0,0,0,0,0,0,0
39,4,21,3,0,0,0,0,0,0,0,0,0,0,0,0,0,0,0,0,0,0,0,1,0,1
20,1,20,0,0,0,0,1,2.1,0,0,0,0,0,0,0,0,0,0,0,0,0,0,0,0,0
20,1,20,0,0,0,0,0,0,0,0,0,0,0,0,0,0,0,0,0,0,0,0,0,0,0
21,1,20,0,0,0,0,0,0,0,0,0,0,0,0,0,0,0,0,0,0,0,0,0,0,0
42,6,22,5,0,0,0,0,0,0,0,0,0,0,0,0,0,0,0,0,0,0,0,0,0,0
71,1,19,9,0,0,0,0,0,0,0,0,0,0,0,0,0,0,0,0,0,0,0,0,0,0
21,3,20,0,0,0,0,1,4.1,0,0,0,0,0,0,0,0,0,0,0,0,0,0,0,0,0
25,1,17,2,0,0,0,1,6,0,0,1,1,1,0,1,0,0,0,0,0,0,0,1,0,0
68,6,18,9,0,0,0,0,0,0,0,0,0,0,0,0,0,0,0,0,0,0,0,1,0,0
21,1,19,0,0,0,0,0,0,0,0,0,0,0,0,0,0,0,0,0,0,0,0,1,0,0
55,1,23,8,1,11.4,1.15,0,0,0,0,0,0,0,0,0,0,0,0,0,0,0,0,0,0,0
44,1,20,0,0,0,0,1,4.6,0,0,0,0,0,0,0,0,0,0,0,0,0,0,0,0,0
20,2,20,0,0,0,0,0,0,0,0,0,0,0,0,0,0,0,0,0,0,0,0,0,0,0
30,3,16,0,0,0,0,1,9.5,0,0,0,0,0,0,0,0,0,0,0,0,0,0,1,0,0
30,8,15,0,0,0,0,0,0,0,0,0,0,0,0,0,0,0,0,0,0,0,0,1,0,0
21,10,21,0,0,0,0,0,0,0,0,0,0,0,0,0,0,0,0,0,0,0,0,1,1,1
22,5,16,2,0,0,0,0,0,0,0,0,0,0,0,0,0,0,0,0,0,0,0,0,0,0
68,1,15,9,1,2.6,1.87,0,0,0,0,0,0,0,0,0,0,0,0,0,0,0,0,0,0,0
62,1,21,0,0,0,0,1,4.3,0,0,0,0,0,0,0,0,0,0,0,0,0,0,0,0,0
35,6,22,2,0,0,0,1,2.5,0,0,0,0,0,0,0,0,0,0,0,0,0,0,0,0,0
64,2,20,9,0,0,0,1,10.1,0,0,0,0,0,0,0,0,0,0,0,0,0,0,0,0,0
20,1,17,?,0,0,0,1,4,0,0,0,0,0,0,0,0,0,0,0,0,0,0,0,0,0
23,5,16,2,0,0,0,0,0,0,0,0,0,0,0,0,0,0,0,0,0,0,1,0,0,0
51,3,18,0,0,0,0,0,0,0,0,0,0,0,0,0,0,0,0,0,0,0,0,0,0,0
25,5,21,1,0,0,0,0,0,0,0,0,0,0,0,0,0,0,0,0,0,0,0,0,0,0
39,1,19,0,0,0,0,0,0,0,0,0,0,0,0,0,0,0,0,0,0,0,0,0,0,0
20,5,16,0,0,0,0,0,0,0,0,0,0,0,0,0,0,0,0,0,0,0,0,0,0,0
51,2,16,7,0,0,0,0,0,0,0,0,0,0,0,0,0,0,0,0,0,0,0,0,0,0
54,10,19,0,0,0,0,1,9.9,0,0,0,0,0,0,0,0,0,0,0,0,0,0,0,1,0
20,13,20,0,0,0,0,0,0,0,0,0,0,0,0,0,0,0,0,0,0,0,0,0,0,0
40,1,16,4,0,0,0,0,0,0,0,0,0,0,0,0,0,0,0,0,0,0,0,0,0,0
37,1,19,4,0,0,0,1,10.4,0,0,0,0,0,0,0,0,0,0,0,0,0,0,0,0,0
20,2,20,0,0,0,0,0,0,0,0,0,0,0,0,0,0,0,0,0,0,0,0,0,0,0
40,12,17,6,0,0,0,1,5.2,0,0,0,0,0,0,0,0,0,0,0,0,0,0,0,0,0
48,5,17,8,0,0,0,1,8,0,0,1,1,0,0,0,0,0,0,0,0,0,1,1,0,1
21,2,20,0,0,0,0,1,3.6,0,0,0,0,0,0,0,0,0,0,0,0,0,0,0,0,0
32,1,16,4,0,0,0,0,0,1,4.9,0,0,0,0,0,0,0,0,0,0,0,0,1,0,0
20,4,17,0,0,0,0,1,4,0,0,1,1,1,1,0,0,0,0,0,0,0,1,1,0,1
67,1,17,6,0,0,0,1,3.4,0,0,0,0,0,0,0,0,0,0,0,0,0,0,0,0,0
38,1,17,3,0,0,0,1,10.9,0,0,0,0,0,0,0,0,0,0,0,0,0,0,0,0,0
56,7,22,6,1,0.6,2.69,1,0.3,0,0,1,2,0,0,0,0,0,0,0,0,0,0,1,0,0
31,4,19,0,0,0,0,1,0.2,1,3.5,0,0,0,0,0,0,0,0,0,0,0,0,0,0,0
56,11,17,8,0,0,0,0,0,0,0,1,1,1,0,0,0,0,0,0,1,1,1,1,1,1
24,2,17,1,1,4.5,0.71,1,3.8,0,0,0,0,0,0,0,0,0,0,0,0,0,0,0,0,0
37,2,22,3,0,0,0,0,0,0,0,0,0,0,0,0,0,0,0,0,0,0,0,0,0,0
29,12,15,3,1,4.8,2.82,1,7.9,0,0,0,0,0,0,0,0,0,0,0,0,0,0,0,0,0
32,10,16,2,0,0,0,0,0,0,0,0,0,0,0,0,0,0,0,0,0,0,0,0,0,0
44,6,18,0,0,0,0,1,9.8,0,0,0,0,0,0,0,0,0,0,0,0,0,0,0,0,0
20,7,19,0,0,0,0,1,4,0,0,1,1,0,0,0,0,0,0,0,0,0,0,0,0,0
41,8,15,5,1,16,0.43,0,0,0,0,0,0,0,0,0,0,0,0,0,0,0,0,0,0,0
20,6,20,0,0,0,0,1,0.5,0,0,0,0,0,0,0,0,0,0,0,0,0,0,0,1,0
44,3,22,3,0,0,0,0,0,0,0,0,0,0,0,0,0,0,0,0,0,0,0,0,0,0
20,1,20,0,0,0,0,0,0,0,0,0,0,0,0,0,0,0,0,0,0,0,0,0,0,0
71,1,18,9,0,0,0,0,0,0,0,0,0,0,0,0,0,0,0,0,0,0,1,0,0,0
24,3,18,1,0,0,0,1,8,1,0.9,0,0,0,0,0,0,0,0,0,0,0,0,0,0,0
23,12,16,0,0,0,0,0,0,0,0,0,0,0,0,0,0,0,0,0,0,0,0,0,0,0
74,1,22,9,1,9.5,2.44,0,0,0,0,0,0,0,0,0,0,0,0,0,0,0,1,0,0,0
22,8,22,0,0,0,0,1,3.2,0,0,0,0,0,0,0,0,0,0,0,0,0,0,0,0,0
41,1,18,0,0,0,0,1,11.8,0,0,0,0,0,0,0,0,0,0,0,0,0,0,0,0,0
24,2,23,0,0,0,0,1,0.5,0,0,0,0,0,0,0,0,0,0,0,0,0,0,0,0,0
66,1,18,9,0,0,0,1,5.9,0,0,0,0,0,0,0,0,0,0,0,0,0,0,0,0,0
71,2,18,0,0,0,0,1,7.4,0,0,0,0,0,0,0,0,0,0,0,0,0,0,0,0,0
23,1,21,0,0,0,0,0,0,0,0,0,0,0,0,0,0,0,0,0,0,0,0,0,0,0
28,2,21,1,1,14,2.65,0,0,0,0,0,0,0,0,0,0,0,0,0,0,0,0,0,0,0
30,?,22,0,0,0,0,1,2.7,0,0,0,0,0,0,0,0,0,0,0,0,0,0,0,0,0
59,5,?,9,1,13.7,0.12,0,0,0,0,0,0,0,0,0,0,0,0,0,0,0,0,0,0,0
61,1,22,0,0,0,0,1,5.7,0,0,0,0,0,0,0,0,0,0,0,0,0,0,0,0,0
72,1,17,9,1,13,2.28,0,0,0,0,0,0,0,0,0,0,0,0,0,0,0,0,0,1,1
49,11,16,9,0,0,0,0,0,0,0,0,0,0,0,0,0,0,0,0,0,0,0,0,0,0
22,3,16,1,0,0,0,0,0,0,0,0,0,0,0,0,0,0,0,0,0,0,0,0,0,0
24,1,21,0,0,0,0,0,0,1,2.7,0,0,0,0,0,0,0,0,0,0,0,0,0,0,0
21,7,15,0,0,0,0,1,5,0,0,0,0,0,0,0,0,0,0,0,0,0,0,0,0,0
24,2,15,1,0,0,0,0,0,0,0,0,0,0,0,0,0,0,0,0,0,0,0,1,0,1
44,3,15,0,0,0,0,0,0,0,0,0,0,0,0,0,0,0,0,0,0,0,0,1,0,0
55,9,?,7,0,0,0,1,0.2,0,0,0,0,0,0,0,0,0,0,0,0,0,0,0,0,0
22,2,20,0,0,0,0,1,6,1,1,0,0,0,0,0,0,0,0,0,0,0,0,0,0,0
23,1,23,0,0,0,0,1,7,0,0,1,1,1,0,0,0,0,0,0,0,0,1,0,0,0
26,8,16,2,0,0,0,1,1.5,1,6.7,0,0,0,0,0,0,0,0,0,0,0,0,1,0,0
20,10,17,0,0,0,0,0,0,0,0,0,0,0,0,0,0,0,0,0,0,0,0,0,0,0
37,1,16,0,1,3.7,2,1,2.4,0,0,0,0,0,0,0,0,0,0,0,0,0,0,0,0,0
22,1,22,0,0,0,0,1,6,0,0,0,0,0,0,0,0,0,0,0,0,0,0,0,0,0
64,1,20,7,0,0,0,1,7.5,0,0,0,0,0,0,0,0,0,0,0,0,0,0,0,0,0
27,4,18,2,0,0,0,1,0.6,1,4.4,0,0,0,0,0,0,0,0,0,0,0,0,0,0,0
24,2,17,?,0,0,0,1,2.9,0,0,0,0,0,0,0,0,0,0,0,0,0,0,0,0,0
23,12,21,0,0,0,0,0,0,0,0,0,0,0,0,0,0,0,0,0,0,0,0,0,0,0
25,1,16,2,0,0,0,0,0,0,0,0,0,0,0,0,0,0,0,0,0,0,0,0,1,1
36,1,20,3,0,0,0,1,7.3,0,0,0,0,0,0,0,0,0,0,0,0,0,0,0,0,0
73,5,21,9,0,0,0,0,0,0,0,1,2,0,0,0,0,1,0,0,0,0,0,0,0,0
74,3,22,9,0,0,0,1,8.7,1,5.2,0,0,0,0,0,0,0,0,0,0,0,0,0,0,0
20,11,20,0,0,0,0,1,4,0,0,0,0,0,0,0,0,0,0,0,0,0,0,0,0,0
69,8,16,9,0,0,0,1,11.1,0,0,0,0,0,0,0,0,0,0,0,0,0,0,1,0,0
20,7,19,0,0,0,0,1,4,0,0,0,0,0,0,0,0,0,0,0,0,0,0,0,1,1
49,4,21,8,1,13.6,2.85,1,7.1,0,0,0,0,0,0,0,0,0,0,0,0,0,1,1,1,1
59,1,15,0,0,0,0,0,0,0,0,0,0,0,0,0,0,0,0,0,0,0,0,0,0,0
69,6,16,6,1,16.1,0.97,1,7.9,0,0,0,0,0,0,0,0,0,0,0,0,0,0,1,1,1
20,6,18,1,0,0,0,1,4,0,0,0,0,0,0,0,0,0,0,0,0,0,0,0,0,0
42,3,19,0,0,0,0,1,8.7,0,0,0,0,0,0,0,0,0,0,0,0,0,0,0,0,0
21,1,15,2,1,2.1,1.88,0,0,0,0,0,0,0,0,0,0,0,0,0,0,0,0,0,0,0
24,3,16,1,0,0,0,0,0,0,0,0,0,0,0,0,0,0,0,0,0,0,0,0,0,0
40,6,15,0,0,0,0,1,0.3,0,0,0,0,0,0,0,0,0,0,0,0,0,0,1,0,0
22,1,22,0,0,0,0,1,0.5,0,0,0,0,0,0,0,0,0,0,0,0,0,0,0,0,0
21,5,20,0,1,4.9,1.19,0,0,0,0,0,0,0,0,0,0,0,0,0,0,0,0,0,0,0
40,?,22,3,0,0,0,1,10.6,0,0,0,0,0,0,0,0,0,0,0,0,0,0,0,0,0
21,1,18,1,0,0,0,1,5,0,0,0,0,0,0,0,0,0,0,0,0,0,0,0,0,0
52,2,19,9,0,0,0,0,0,0,0,0,0,0,0,0,0,0,0,0,0,0,1,0,0,0
21,1,16,1,0,0,0,1,3.9,0,0,0,0,0,0,0,0,0,0,0,0,1,0,1,1,1
74,1,17,7,0,0,0,1,11.8,0,0,0,0,0,0,0,0,0,0,0,0,0,0,0,0,0
22,1,22,0,0,0,0,0,0,0,0,0,0,0,0,0,0,0,0,0,0,0,0,1,0,1
32,5,22,0,0,0,0,0,0,0,0,1,1,1,0,0,0,0,1,0,1,1,1,1,1,1
23,6,20,1,0,0,0,1,7,0,0,0,0,0,0,0,0,0,0,0,0,0,0,0,0,0
21,1,15,1,0,0,0,1,5,0,0,0,0,0,0,0,0,0,0,0,0,0,0,0,0,0
34,2,19,3,1,8.7,0.19,1,2.8,0,0,0,0,0,0,0,0,0,0,0,0,0,0,1,0,0
23,1,16,1,0,0,0,0,0,0,0,0,0,0,0,0,0,0,0,0,0,0,0,0,0,0
27,1,20,0,0,0,0,0,0,0,0,0,0,0,0,0,0,0,0,0,0,0,0,0,1,0
54,9,22,8,0,0,0,1,3.8,0,0,1,1,1,0,0,0,0,0,0,0,0,0,0,0,0
32,11,16,5,0,0,0,1,0.2,0,0,1,1,1,0,0,0,0,0,0,0,0,0,0,0,0
55,5,21,0,0,0,0,0,0,0,0,1,2,1,0,0,0,0,1,1,0,1,1,1,1,1
31,1,23,2,1,12.1,2.8,0,0,0,0,0,0,0,0,0,0,0,0,0,0,0,0,0,0,0
36,1,23,0,1,15.6,2.21,0,0,0,0,0,0,0,0,0,0,0,0,0,0,0,0,0,0,0
66,5,17,9,0,0,0,0,0,0,0,1,1,0,0,0,1,0,1,0,0,1,1,1,1,1
51,1,17,5,0,0,0,1,1.8,0,0,1,1,0,1,0,0,0,1,1,1,1,1,1,1,1
47,1,17,8,0,0,0,0,0,1,1,0,0,0,0,0,0,0,0,0,0,0,0,0,0,0
34,1,21,0,0,0,0,1,9.9,0,0,0,0,0,0,0,0,0,0,0,0,0,0,0,0,0
21,1,16,1,0,0,0,1,2.4,0,0,0,0,0,0,0,0,0,0,0,0,0,0,1,0,1
45,2,16,0,0,0,0,0,0,1,6.1,0,0,0,0,0,0,0,0,0,0,0,0,0,0,0
22,3,17,1,0,0,0,1,6,1,3.7,0,0,0,0,0,0,0,0,0,0,0,0,0,0,0
20,1,20,0,0,0,0,1,1.6,0,0,0,0,0,0,0,0,0,0,0,0,0,0,0,0,0
34,8,19,0,1,16.3,2.21,1,8.1,1,3.5,0,0,0,0,0,0,0,0,0,0,0,0,0,1,0
69,3,17,9,1,17.4,0.81,1,1.5,0,0,0,0,0,0,0,0,0,0,0,0,0,0,0,0,0
53,8,18,6,0,0,0,1,1.4,0,0,0,0,0,0,0,0,0,0,0,0,0,0,0,0,0
20,1,20,0,1,4.2,0.58,1,4,0,0,0,0,0,0,0,0,0,0,0,0,0,0,0,0,0
22,2,17,1,1,8,0.33,0,0,1,5.2,0,0,0,0,0,0,0,0,0,0,0,0,0,0,0
46,2,17,3,0,0,0,0,0,0,0,0,0,0,0,0,0,0,0,0,0,0,0,0,0,0
50,5,18,6,0,0,0,1,0.3,0,0,0,0,0,0,0,0,0,0,0,0,0,0,0,0,0
22,4,15,2,0,0,0,1,0.9,0,0,1,1,0,0,0,0,0,0,0,0,0,0,0,1,0
21,1,20,0,1,7,0.83,1,4.5,0,0,0,0,0,0,0,0,0,0,0,0,0,0,0,0,0
62,2,18,0,0,0,0,0,0,0,0,0,0,0,0,0,0,0,0,0,0,0,0,0,0,0
49,2,17,7,0,0,0,1,3.2,0,0,0,0,0,0,0,0,0,0,0,0,0,0,1,0,0
22,5,?,0,0,0,0,0,0,0,0,0,0,0,0,0,0,0,0,0,0,0,1,0,0,0
27,2,22,?,0,0,0,0,0,0,0,0,0,0,0,0,0,0,0,0,0,0,0,0,0,0
28,12,19,?,0,0,0,0,0,0,0,0,0,0,0,0,0,0,0,0,0,0,0,0,0,0
47,1,18,7,0,0,0,1,9.6,0,0,1,1,0,0,0,0,0,1,0,0,1,1,1,1,1
45,1,17,0,0,0,0,1,3.8,0,0,0,0,0,0,0,0,0,0,0,0,0,0,0,0,0
28,1,19,1,1,11.6,0.43,0,0,1,3.9,0,0,0,0,0,0,0,0,0,0,0,0,1,0,0
20,1,20,0,0,0,0,0,0,0,0,0,0,0,0,0,0,0,0,0,0,0,1,0,0,0
42,5,22,5,0,0,0,0,0,0,0,0,0,0,0,0,0,0,0,0,0,0,0,0,0,0
50,7,23,0,0,0,0,1,3.4,1,5.9,0,0,0,0,0,0,0,0,0,0,0,0,0,0,0
47,1,18,8,0,0,0,0,0,0,0,0,0,0,0,0,0,0,0,0,0,0,0,0,0,0
23,2,19,0,0,0,0,0,0,0,0,0,0,0,0,0,0,0,0,0,0,0,0,0,0,0
20,4,?,0,0,0,0,1,4,0,0,0,0,0,0,0,0,0,0,0,0,0,0,0,0,0
35,1,18,3,0,0,0,0,0,0,0,0,0,0,0,0,0,0,0,0,0,0,0,0,0,0
40,3,22,3,0,0,0,0,0,0,0,0,0,0,0,0,0,0,0,0,0,0,0,0,0,0
36,1,18,4,0,0,0,1,12,0,0,0,0,0,0,0,0,0,0,0,0,0,0,0,0,0
36,12,17,2,0,0,0,1,6.8,0,0,1,1,1,0,0,0,0,0,0,0,0,0,0,0,1
74,1,16,9,0,0,0,1,10.8,0,0,0,0,0,0,0,0,0,0,0,0,0,1,1,0,0
20,1,20,0,0,0,0,1,1.8,0,0,0,0,0,0,0,0,0,0,0,0,0,0,0,0,0
74,1,22,9,1,15.7,0.62,1,7.1,0,0,0,0,0,0,0,0,0,0,0,0,0,0,0,0,0
53,?,20,9,1,13.5,0.73,1,4.9,0,0,0,0,0,0,0,0,0,0,0,0,0,0,0,1,1
34,2,16,0,0,0,0,1,9.1,0,0,0,0,0,0,0,0,0,0,0,0,0,0,0,0,0
55,5,23,8,0,0,0,0,0,0,0,0,0,0,0,0,0,0,0,0,0,0,0,0,0,0
20,2,15,0,0,0,0,1,4,0,0,0,0,0,0,0,0,0,0,0,0,0,0,0,0,0
25,13,23,0,0,0,0,0,0,0,0,0,0,0,0,0,0,0,0,0,0,0,0,0,0,0
57,2,20,9,0,0,0,0,0,0,0,0,0,0,0,0,0,0,0,0,0,0,0,0,0,0
66,2,19,9,1,2.3,0.91,0,0,0,0,0,0,0,0,0,0,0,0,0,0,0,0,0,0,0
58,4,19,?,0,0,0,1,3.1,1,2.8,0,0,0,0,0,0,0,0,0,0,0,0,0,0,0
37,6,18,3,0,0,0,0,0,0,0,0,0,0,0,0,0,0,0,0,0,0,0,0,0,0
44,10,23,6,0,0,0,0,0,0,0,0,0,0,0,0,0,0,0,0,0,0,0,0,1,0
36,4,19,3,0,0,0,0,0,0,0,0,0,0,0,0,0,0,0,0,0,0,0,0,0,0
23,2,20,0,0,0,0,1,6.4,0,0,1,1,0,0,0,0,0,0,0,0,0,0,1,1,1
25,1,21,1,0,0,0,1,9,0,0,0,0,0,0,0,0,0,0,0,0,0,0,0,0,0
20,8,19,0,0,0,0,1,4,0,0,1,1,0,1,0,1,0,0,0,0,0,1,0,1,1
31,4,23,0,0,0,0,0,0,0,0,0,0,0,0,0,0,0,0,0,0,0,0,0,0,0
20,1,20,0,0,0,0,0,0,0,0,0,0,0,0,0,0,0,0,0,0,0,0,0,0,0
26,5,19,2,0,0,0,0,0,1,0.6,1,1,0,1,0,0,0,0,0,0,0,1,1,1,1
66,1,17,9,0,0,0,0,0,0,0,0,0,0,0,0,0,0,0,0,0,0,0,0,1,0
25,1,20,1,1,11,0.76,0,0,0,0,0,0,0,0,0,0,0,0,0,0,0,0,1,1,1
26,1,21,0,0,0,0,1,0.7,0,0,0,0,0,0,0,0,0,0,0,0,0,0,1,0,0
33,2,18,0,0,0,0,0,0,0,0,0,0,0,0,0,0,0,0,0,0,0,0,0,0,0
24,6,16,2,0,0,0,1,0.8,0,0,0,0,0,0,0,0,0,0,0,0,0,0,0,0,0
20,1,20,0,1,6,2.76,1,4,0,0,0,0,0,0,0,0,0,0,0,0,0,0,0,1,0
20,1,15,1,1,6,2.82,0,0,0,0,0,0,0,0,0,0,0,0,0,0,0,0,0,0,1
20,2,18,0,0,0,0,1,2.9,0,0,0,0,0,0,0,0,0,0,0,0,0,0,1,0,0
21,12,20,0,1,7,0.59,1,4.3,0,0,0,0,0,0,0,0,0,0,0,0,0,0,1,0,1
21,6,19,0,0,0,0,0,0,0,0,0,0,0,0,0,0,0,0,0,0,0,0,1,0,1
40,6,16,5,1,13.1,0.41,0,0,0,0,0,0,0,0,0,0,0,0,1,1,1,1,1,1,1
36,7,16,?,0,0,0,1,5.8,0,0,0,0,0,0,0,0,0,0,0,0,0,0,0,0,0
64,9,16,9,0,0,0,1,1,0,0,1,1,1,0,0,0,0,0,0,0,0,0,0,0,0
34,8,20,4,0,0,0,1,6.2,0,0,0,0,0,0,0,0,0,0,0,0,0,0,0,0,0
56,4,18,0,1,10.7,1.07,0,0,0,0,0,0,0,0,0,0,0,0,0,0,0,0,0,0,0
20,5,20,0,0,0,0,0,0,0,0,0,0,0,0,0,0,0,0,0,0,0,1,0,0,0
34,1,22,2,1,9.1,2.32,1,0.2,0,0,1,1,1,1,0,0,0,0,0,1,1,1,1,1,1
34,6,22,2,0,0,0,1,9.5,0,0,0,0,0,0,0,0,0,0,0,0,1,0,1,0,0
26,3,22,1,1,12,1.06,1,0.6,0,0,0,0,0,0,0,0,0,0,0,0,0,0,0,0,0
36,1,18,4,1,3.7,0.39,1,3.1,0,0,0,0,0,0,0,0,0,0,0,0,0,0,0,0,0
41,3,20,3,0,0,0,0,0,0,0,0,0,0,0,0,0,0,0,0,1,1,1,1,1,1
60,2,19,9,0,0,0,1,10.2,0,0,0,0,0,0,0,0,0,0,0,0,0,1,0,0,1
51,3,16,9,0,0,0,1,4,0,0,0,0,0,0,0,0,0,0,0,0,0,0,0,0,0
20,4,20,0,0,0,0,0,0,0,0,1,1,0,0,0,0,0,0,0,0,0,1,0,0,0
42,2,20,3,1,10.8,2.32,0,0,0,0,0,0,0,0,0,0,0,0,0,0,0,0,0,0,0
20,11,17,0,0,0,0,1,3.6,0,0,0,0,0,0,0,0,0,0,0,0,0,0,1,0,0
22,3,?,1,0,0,0,1,6,0,0,0,0,0,0,0,0,0,0,0,0,0,0,0,0,0
50,10,19,4,0,0,0,1,6,0,0,1,1,1,0,0,1,0,0,0,0,0,1,0,0,0
36,9,17,?,0,0,0,1,1.1,0,0,0,0,0,0,0,0,0,0,0,0,0,1,0,0,0
20,?,16,0,0,0,0,0,0,0,0,0,0,0,0,0,0,0,0,0,0,0,0,0,0,0
23,4,19,1,0,0,0,0,0,0,0,0,0,0,0,0,0,0,0,0,0,0,0,0,0,0
26,2,18,?,0,0,0,1,10,0,0,0,0,0,0,0,0,0,0,0,0,0,0,0,0,0
20,1,?,0,1,3.6,2.29,1,4,0,0,0,0,0,0,0,0,0,0,0,0,0,0,0,0,0
45,1,16,8,1,14.1,1.15,0,0,0,0,0,0,0,0,0,0,0,0,0,0,0,1,0,1,0
22,3,18,1,0,0,0,1,0.7,0,0,0,0,0,0,0,0,0,0,0,0,0,1,0,0,0
29,2,15,2,0,0,0,1,7.1,0,0,1,1,0,0,0,0,0,1,0,0,1,1,1,1,1
30,2,21,0,0,0,0,1,7.2,0,0,0,0,0,0,0,0,0,0,0,0,0,0,1,0,1
20,?,20,0,0,0,0,0,0,0,0,1,1,1,0,0,0,0,0,0,0,0,0,0,0,0
40,1,16,?,1,4.9,0.93,1,11.9,0,0,0,0,0,0,0,0,0,0,0,0,0,0,0,0,0
28,2,22,2,0,0,0,0,0,0,0,0,0,0,0,0,0,0,0,0,0,0,0,0,0,0
25,7,22,0,0,0,0,1,3.9,1,6.5,0,0,0,0,0,0,0,0,0,0,0,0,0,0,0
32,1,18,3,0,0,0,1,5.7,0,0,0,0,0,0,0,0,0,0,0,0,0,0,0,0,0
54,2,18,0,0,0,0,1,4.9,0,0,0,0,0,0,0,0,0,0,0,0,0,0,0,0,0
20,1,20,0,0,0,0,1,3.9,0,0,0,0,0,0,0,0,0,0,0,0,0,0,0,0,0
21,13,18,0,0,0,0,1,5,0,0,0,0,0,0,0,0,0,0,0,0,0,0,1,0,1
42,1,16,3,0,0,0,1,10.5,0,0,0,0,0,0,0,0,0,0,1,1,1,1,1,1,0
63,3,19,5,0,0,0,1,7.1,0,0,0,0,0,0,0,0,0,0,0,0,0,0,1,0,1
31,2,18,4,0,0,0,1,9,0,0,0,0,0,0,0,0,0,0,0,0,0,0,0,0,0
53,4,22,0,0,0,0,0,0,0,0,1,1,0,0,0,0,0,0,0,0,0,0,1,1,1
20,1,19,0,1,1,0.31,0,0,0,0,0,0,0,0,0,0,0,0,0,0,0,0,0,0,0
64,4,15,6,0,0,0,1,10.7,1,4.1,0,0,0,0,0,0,0,0,0,0,0,1,0,0,0
49,5,18,0,0,0,0,0,0,0,0,0,0,0,0,0,0,0,0,0,0,0,0,0,0,0
34,1,19,2,0,0,0,0,0,0,0,0,0,0,0,0,0,0,0,0,0,0,0,0,0,0
58,4,?,8,0,0,0,1,2.1,0,0,0,0,0,0,0,0,0,0,0,0,0,0,1,0,1
26,2,20,1,0,0,0,1,0.4,0,0,0,0,0,0,0,0,0,0,0,0,0,0,0,0,0
21,2,15,?,0,0,0,0,0,0,0,0,0,0,0,0,0,0,0,0,0,0,0,0,1,1
30,3,18,2,0,0,0,1,1.6,0,0,1,1,1,0,0,0,0,0,0,0,0,0,1,0,0
20,10,17,0,0,0,0,1,2,0,0,0,0,0,0,0,0,0,0,0,0,0,0,0,0,0
22,2,20,1,0,0,0,0,0,0,0,0,0,0,0,0,0,0,0,0,0,0,0,0,0,0
71,2,21,9,1,13.7,0.65,0,0,0,0,0,0,0,0,0,0,0,0,1,0,0,1,1,1,1
25,2,23,0,0,0,0,1,9,0,0,0,0,0,0,0,0,0,0,0,0,0,0,0,0,1
41,7,21,3,0,0,0,0,0,0,0,0,0,0,0,0,0,0,0,0,0,0,0,0,0,1
74,13,20,9,0,0,0,1,8.7,0,0,1,1,0,0,0,1,0,0,0,0,0,1,0,1,0
75,9,16,9,1,14.2,2.12,1,11.3,0,0,0,0,0,0,0,0,0,0,0,0,0,0,1,0,0
22,11,18,1,0,0,0,0,0,0,0,0,0,0,0,0,0,0,0,0,0,0,0,0,0,0
64,1,18,9,0,0,0,0,0,0,0,0,0,0,0,0,0,0,0,0,0,0,0,0,0,0
20,?,20,0,0,0,0,1,2.1,0,0,0,0,0,0,0,0,0,0,0,0,0,0,0,0,0
21,7,18,1,1,7,0.28,1,5,0,0,0,0,0,0,0,0,0,0,0,0,0,0,1,0,1
70,3,20,9,0,0,0,0,0,0,0,0,0,0,0,0,0,0,0,0,0,0,0,0,0,0
23,2,16,1,0,0,0,0,0,0,0,0,0,0,0,0,0,0,0,0,0,0,0,0,0,0
21,1,19,0,0,0,0,0,0,0,0,0,0,0,0,0,0,0,0,1,0,1,1,1,1,1
27,1,23,0,0,0,0,1,2,0,0,0,0,0,0,0,0,0,0,0,0,0,0,0,0,0
58,1,20,?,0,0,0,1,5.6,0,0,0,0,0,0,0,0,0,0,0,0,0,0,0,0,0
30,1,19,2,0,0,0,1,6.8,0,0,0,0,0,0,0,0,0,0,0,0,0,0,0,1,1
44,4,16,0,1,6,1.05,0,0,0,0,0,0,0,0,0,0,0,0,0,0,0,0,0,0,0
24,1,22,0,0,0,0,1,2.8,0,0,0,0,0,0,0,0,0,0,0,0,0,0,0,0,0
51,?,19,7,0,0,0,1,1,0,0,0,0,0,0,0,0,0,0,0,0,0,0,1,0,0
21,5,18,1,0,0,0,0,0,0,0,1,1,0,0,0,0,0,0,0,0,0,0,0,0,1
24,9,22,0,1,1,2.03,1,0.3,0,0,0,0,0,0,0,0,0,0,0,0,0,1,0,0,0
66,5,18,9,0,0,0,1,10,0,0,0,0,0,0,0,0,0,0,0,0,0,1,1,1,0
73,1,18,0,0,0,0,0,0,0,0,0,0,0,0,0,0,0,0,0,0,0,0,0,0,0
64,2,20,0,0,0,0,1,7.9,0,0,0,0,0,0,0,0,0,0,0,0,0,0,0,1,0
73,1,19,9,0,0,0,0,0,0,0,0,0,0,0,0,0,0,0,0,0,0,0,0,0,0
44,1,21,0,0,0,0,0,0,1,1.1,1,1,0,0,0,0,0,0,0,0,0,0,0,0,0
49,1,19,5,0,0,0,1,9.9,0,0,0,0,0,0,0,0,0,0,0,0,0,0,0,0,0
20,1,16,0,0,0,0,1,3.5,0,0,0,0,0,0,0,0,0,0,0,0,0,0,0,0,0
30,10,20,3,0,0,0,0,0,0,0,0,0,0,0,0,0,0,0,0,0,0,0,0,0,0
35,1,19,2,0,0,0,0,0,0,0,0,0,0,0,0,0,0,0,0,0,0,0,0,0,0
61,9,19,5,0,0,0,1,4.1,0,0,0,0,0,0,0,0,0,0,0,0,0,0,0,0,0
20,1,20,0,1,6,0.81,0,0,0,0,0,0,0,0,0,0,0,0,0,0,0,0,0,0,0
21,8,15,0,0,0,0,0,0,0,0,0,0,0,0,0,0,0,0,0,0,0,0,1,0,1
28,1,18,0,0,0,0,1,7.3,0,0,0,0,0,0,0,0,0,0,0,0,0,1,0,0,0
21,7,19,0,0,0,0,1,5,0,0,0,0,0,0,0,0,0,0,0,0,0,0,0,0,0
24,2,16,1,0,0,0,1,8,0,0,0,0,0,0,0,0,0,0,0,0,0,0,0,0,0
30,4,18,1,0,0,0,0,0,0,0,0,0,0,0,0,0,0,0,0,0,0,0,0,0,0
37,12,17,3,0,0,0,1,0.2,0,0,0,0,0,0,0,0,0,0,0,0,0,0,0,0,0
53,1,?,0,0,0,0,0,0,0,0,0,0,0,0,0,0,0,0,0,0,0,0,0,0,0
30,5,17,2,1,6.6,1,1,8.5,0,0,0,0,0,0,0,0,0,0,0,0,0,0,1,1,0
52,9,17,7,0,0,0,1,6.3,0,0,0,0,0,0,0,0,0,0,0,0,0,0,0,0,0
66,5,20,5,0,0,0,0,0,0,0,0,0,0,0,0,0,0,0,0,0,0,0,0,0,0
51,1,19,5,0,0,0,0,0,0,0,0,0,0,0,0,0,0,0,0,0,0,0,0,0,0
60,4,18,5,0,0,0,0,0,0,0,0,0,0,0,0,0,0,0,0,0,0,0,0,0,0
23,11,15,2,1,1.4,0.8,0,0,0,0,0,0,0,0,0,0,0,0,0,0,0,0,1,1,0
21,2,18,0,0,0,0,1,5,0,0,0,0,0,0,0,0,0,0,0,0,0,0,0,0,0
49,7,21,3,0,0,0,1,5.3,0,0,0,0,0,0,0,0,0,0,0,0,0,0,0,0,0
25,2,19,0,0,0,0,0,0,0,0,0,0,0,0,0,0,0,0,0,0,0,0,0,0,0
23,5,21,0,0,0,0,1,2.7,0,0,0,0,0,0,0,0,0,0,0,0,0,1,0,0,0
25,2,22,1,0,0,0,0,0,0,0,0,0,0,0,0,0,0,0,0,0,0,0,0,0,0
23,9,19,0,0,0,0,0,0,0,0,0,0,0,0,0,0,0,0,0,0,0,0,0,0,0
20,3,20,0,0,0,0,1,4,0,0,0,0,0,0,0,0,0,0,0,0,0,1,0,0,0
20,1,15,1,0,0,0,0,0,0,0,0,0,0,0,0,0,0,0,0,0,0,0,0,0,0
31,1,23,2,0,0,0,1,9.9,0,0,0,0,0,0,0,0,0,0,0,0,0,0,0,0,0
25,2,21,0,0,0,0,0,0,0,0,0,0,0,0,0,0,0,0,0,0,0,0,0,0,0
73,1,17,9,0,0,0,1,2.6,1,3.6,0,0,0,0,0,0,0,0,0,0,0,1,0,0,0
57,1,23,0,0,0,0,0,0,0,0,0,0,0,0,0,0,0,0,0,0,0,0,0,0,0
20,1,15,1,0,0,0,0,0,0,0,0,0,0,0,0,0,0,0,0,0,0,0,0,0,0
40,2,21,0,0,0,0,0,0,0,0,0,0,0,0,0,0,0,0,0,0,0,0,0,0,0
20,2,15,0,0,0,0,1,3.2,0,0,0,0,0,0,0,0,0,0,0,0,0,0,0,1,0
43,4,17,7,0,0,0,0,0,0,0,0,0,0,0,0,0,0,0,0,0,0,0,0,0,0
26,1,18,2,0,0,0,0,0,0,0,0,0,0,0,0,0,0,0,0,0,0,0,0,0,0
27,2,18,1,0,0,0,1,6.1,0,0,0,0,0,0,0,0,0,0,0,0,0,0,0,0,0
48,11,22,6,0,0,0,1,5.6,0,0,0,0,0,0,0,0,0,0,0,0,0,0,0,0,0
21,1,21,?,0,0,0,0,0,0,0,0,0,0,0,0,0,0,0,0,0,0,0,0,0,0
49,10,18,8,0,0,0,0,0,0,0,0,0,0,0,0,0,0,0,0,0,0,0,1,0,0
38,1,22,3,0,0,0,1,9.8,0,0,0,0,0,0,0,0,0,0,0,0,1,1,1,0,1
20,?,20,0,0,0,0,1,0.7,0,0,0,0,0,0,0,0,0,0,0,0,0,0,0,0,0
70,10,18,6,0,0,0,1,9.7,0,0,0,0,0,0,0,0,0,0,0,0,0,0,1,0,1
62,1,18,9,0,0,0,1,1.4,0,0,0,0,0,0,0,0,0,0,0,0,0,0,0,0,0
21,1,20,0,0,0,0,0,0,0,0,0,0,0,0,0,0,0,0,0,0,0,0,0,0,0
53,3,23,4,0,0,0,1,2.8,0,0,0,0,0,0,0,0,0,0,0,0,0,0,0,0,0
34,10,21,3,1,2.5,2.55,1,4.8,0,0,0,0,0,0,0,0,0,0,0,0,0,0,0,0,0
24,1,19,1,0,0,0,0,0,0,0,0,0,0,0,0,0,0,0,0,0,0,0,0,0,0
64,1,15,7,1,7.6,1.08,0,0,0,0,0,0,0,0,0,0,0,0,0,0,0,1,0,0,0
28,4,16,2,0,0,0,1,11.8,0,0,0,0,0,0,0,0,0,0,0,0,0,0,0,0,0
22,?,16,1,0,0,0,1,5.7,0,0,0,0,0,0,0,0,0,0,0,0,0,0,0,0,0
37,4,21,4,0,0,0,1,9.3,0,0,0,0,0,0,0,0,0,0,0,0,0,0,0,0,0
50,1,17,5,1,14.9,0.37,1,6.5,0,0,0,0,0,0,0,0,0,0,0,0,0,1,0,0,0
40,7,20,0,0,0,0,1,1.9,1,1.5,0,0,0,0,0,0,0,0,0,0,0,0,0,0,0
36,6,22,0,0,0,0,0,0,1,5.8,1,2,0,0,0,0,1,1,1,1,1,1,1,1,1
58,2,20,4,0,0,0,0,0,0,0,0,0,0,0,0,0,0,0,0,0,0,0,0,0,0
57,2,21,0,0,0,0,1,3,0,0,0,0,0,0,0,0,0,0,0,0,0,0,0,0,0
20,5,20,0,0,0,0,0,0,0,0,0,0,0,0,0,0,0,0,0,0,0,0,0,0,0
21,9,21,0,0,0,0,1,5,0,0,0,0,0,0,0,0,0,0,0,0,0,0,0,0,0
20,2,17,1,0,0,0,0,0,0,0,0,0,0,0,0,0,0,0,0,0,0,0,0,0,0
73,3,21,8,1,1.2,0.23,1,9.3,0,0,0,0,0,0,0,0,0,0,0,0,0,0,0,1,0
42,3,19,3,0,0,0,1,0.2,0,0,0,0,0,0,0,0,0,0,0,0,0,0,0,0,0
47,1,?,5,0,0,0,1,3.6,0,0,0,0,0,0,0,0,0,0,0,0,0,0,0,0,0
57,1,21,9,1,5.7,0.24,1,10.3,0,0,0,0,0,0,0,0,0,0,0,0,0,1,0,0,0
40,6,16,4,0,0,0,1,7.7,0,0,0,0,0,0,0,0,0,0,0,0,0,0,1,0,0
21,2,17,0,1,3.2,2.73,1,5,0,0,0,0,0,0,0,0,0,0,0,0,0,0,0,0,0
32,3,17,0,0,0,0,1,11,0,0,0,0,0,0,0,0,0,0,0,0,0,0,0,0,0
36,1,20,0,0,0,0,1,6.4,0,0,0,0,0,0,0,0,0,0,0,0,0,0,0,0,0
21,4,19,0,0,0,0,0,0,0,0,1,1,0,0,0,0,0,1,1,0,1,1,1,1,1
26,1,22,1,0,0,0,1,10,0,0,1,1,0,0,0,0,0,0,0,0,0,0,1,0,0
30,12,22,1,0,0,0,0,0,0,0,0,0,0,0,0,0,0,0,0,0,0,0,1,0,1
25,?,16,0,0,0,0,1,3.8,1,3.8,0,0,0,0,0,0,0,0,0,0,0,0,0,0,0
49,1,20,0,1,1.8,2.1,1,3.5,0,0,1,1,1,0,0,0,0,0,0,0,0,0,0,0,0
28,4,20,2,0,0,0,0,0,0,0,0,0,0,0,0,0,0,0,0,0,0,0,0,0,0
20,10,20,0,0,0,0,0,0,0,0,0,0,0,0,0,0,0,0,0,0,0,0,0,0,0
40,11,18,3,0,0,0,1,7.4,0,0,0,0,0,0,0,0,0,0,0,0,0,0,0,0,0
31,11,18,2,0,0,0,0,0,0,0,0,0,0,0,0,0,0,0,0,0,0,0,0,0,0
42,8,19,3,1,3.5,2.18,1,3.4,0,0,0,0,0,0,0,0,0,0,0,0,0,0,0,0,0
28,4,18,0,0,0,0,0,0,0,0,0,0,0,0,0,0,0,0,0,0,0,0,0,0,0
26,4,15,2,0,0,0,1,7.6,1,7.1,0,0,0,0,0,0,0,0,0,0,0,1,0,1,1
22,3,19,1,0,0,0,0,0,0,0,0,0,0,0,0,0,0,0,0,0,0,0,0,0,0
42,4,20,0,1,12.7,0.97,1,8.2,0,0,0,0,0,0,0,0,0,0,0,0,0,0,0,1,0
20,4,20,0,0,0,0,1,4,0,0,0,0,0,0,0,0,0,0,0,0,0,0,1,0,0
43,1,17,4,0,0,0,1,0.2,1,1.4,0,0,0,0,0,0,0,0,0,0,0,0,0,0,0
23,7,23,0,0,0,0,0,0,0,0,0,0,0,0,0,0,0,0,0,0,0,0,0,0,0
35,1,19,2,0,0,0,0,0,0,0,0,0,0,0,0,0,0,0,0,0,0,0,0,0,0
21,2,20,0,0,0,0,1,5,0,0,0,0,0,0,0,0,0,0,0,0,0,0,1,0,0
20,1,20,0,0,0,0,1,1.4,0,0,0,0,0,0,0,0,0,0,0,0,0,0,0,0,0
58,7,23,6,0,0,0,0,0,1,3,0,0,0,0,0,0,0,0,1,0,0,1,1,1,1
24,1,18,1,0,0,0,0,0,0,0,0,0,0,0,0,0,0,0,0,0,0,0,0,0,0
22,10,18,0,0,0,0,1,0.4,1,0.7,0,0,0,0,0,0,0,0,0,0,0,0,0,0,0
20,4,17,1,1,6,2.7,1,4,0,0,0,0,0,0,0,0,0,0,0,0,0,0,1,0,1
23,12,23,0,0,0,0,1,7,0,0,0,0,0,0,0,0,0,0,0,0,0,0,0,0,0
21,2,21,0,0,0,0,0,0,0,0,0,0,0,0,0,0,0,0,0,0,0,0,0,0,0
28,3,17,0,0,0,0,0,0,0,0,0,0,0,0,0,0,0,0,0,0,0,0,0,0,0
30,1,22,0,0,0,0,0,0,0,0,0,0,0,0,0,0,0,0,0,0,0,1,0,0,0
50,1,19,0,1,3,2.55,0,0,0,0,0,0,0,0,0,0,0,0,0,0,0,0,0,0,0
44,3,22,0,1,3.4,2.08,1,4.7,0,0,0,0,0,0,0,0,0,0,0,0,0,0,0,0,0
45,1,19,7,1,3.7,1.19,1,5.8,0,0,0,0,0,0,0,0,0,0,0,0,0,1,0,0,0
23,1,16,?,0,0,0,0,0,0,0,0,0,0,0,0,0,0,0,0,0,0,1,0,0,0
41,1,18,0,1,9.3,1.64,1,2.5,0,0,0,0,0,0,0,0,0,0,0,0,0,0,1,0,0
20,7,19,0,1,6,0.57,1,4,0,0,0,0,0,0,0,0,0,0,0,0,0,0,0,0,0
21,8,20,0,1,2.8,2.31,1,5,0,0,0,0,0,0,0,0,0,0,0,0,0,0,0,0,0
32,2,21,3,0,0,0,1,6.9,0,0,0,0,0,0,0,0,0,0,1,0,1,1,1,1,1
27,1,20,0,0,0,0,0,0,0,0,1,1,1,0,0,0,0,0,0,0,0,0,0,0,1
29,10,16,3,0,0,0,0,0,0,0,1,2,1,0,0,0,0,0,0,0,0,1,0,1,0
26,9,?,2,0,0,0,1,0.4,0,0,0,0,0,0,0,0,0,0,0,0,0,0,0,0,0
27,4,19,1,0,0,0,1,2.7,0,0,0,0,0,0,0,0,0,0,0,0,0,0,0,0,0
69,1,22,9,0,0,0,1,7.4,0,0,0,0,0,0,0,0,0,0,0,0,0,0,0,0,0
64,1,18,9,0,0,0,1,8.2,1,7.4,0,0,0,0,0,0,0,0,0,0,0,0,1,0,0
21,3,20,0,0,0,0,1,3.1,0,0,0,0,0,0,0,0,0,0,1,0,0,1,1,1,1
67,1,20,9,0,0,0,0,0,1,5.4,0,0,0,0,0,0,0,0,0,0,0,0,1,0,0
48,4,21,5,1,2.3,1.85,0,0,0,0,0,0,0,0,0,0,0,0,0,0,0,0,0,0,0
22,7,17,1,0,0,0,1,6,0,0,0,0,0,0,0,0,0,0,0,0,0,0,0,1,0
23,13,19,1,0,0,0,1,7,0,0,0,0,0,0,0,0,0,0,0,0,0,0,0,0,1
25,2,19,2,0,0,0,0,0,0,0,0,0,0,0,0,0,0,0,0,0,0,0,0,0,0
50,2,16,8,0,0,0,0,0,0,0,0,0,0,0,0,0,0,0,0,0,0,0,0,0,0
20,1,17,0,0,0,0,0,0,0,0,0,0,0,0,0,0,0,0,0,0,0,0,0,0,0
25,1,17,2,0,0,0,0,0,0,0,0,0,0,0,0,0,0,0,0,0,0,0,1,0,0
28,7,19,2,0,0,0,0,0,0,0,0,0,0,0,0,0,0,0,0,0,0,0,1,0,0
60,8,20,8,0,0,0,1,8.6,0,0,0,0,0,0,0,0,0,0,0,0,0,0,0,0,0
43,3,21,5,0,0,0,0,0,0,0,0,0,0,0,0,0,0,0,0,0,0,0,0,0,0
38,1,20,3,0,0,0,0,0,0,0,0,0,0,0,0,0,0,0,1,0,0,0,1,1,1
30,1,15,4,0,0,0,0,0,0,0,0,0,0,0,0,0,0,0,0,0,0,0,1,0,1
61,10,18,9,1,5.6,2.62,1,3,0,0,0,0,0,0,0,0,0,0,0,0,0,1,0,1,0
48,3,15,6,0,0,0,1,11.1,0,0,0,0,0,0,0,0,0,0,0,0,0,0,0,0,0
20,2,20,0,0,0,0,1,4,0,0,0,0,0,0,0,0,0,0,0,0,0,0,0,0,0
42,1,22,2,0,0,0,0,0,0,0,0,0,0,0,0,0,0,0,0,0,0,0,0,0,0
24,13,17,2,0,0,0,0,0,0,0,0,0,0,0,0,0,0,0,0,0,0,0,1,0,0
43,6,17,4,0,0,0,1,6.7,0,0,0,0,0,0,0,0,0,0,0,0,0,0,0,0,0
23,2,20,0,0,0,0,1,5.3,0,0,0,0,0,0,0,0,0,0,0,0,0,0,0,0,0
56,1,21,0,0,0,0,0,0,0,0,0,0,0,0,0,0,0,0,0,0,0,0,0,0,0
26,3,18,0,0,0,0,0,0,0,0,0,0,0,0,0,0,0,0,0,0,0,0,0,0,0
24,2,16,0,0,0,0,1,2,0,0,0,0,0,0,0,0,0,0,0,0,0,0,0,0,0
28,1,22,1,0,0,0,1,3.1,0,0,0,0,0,0,0,0,0,0,0,0,0,0,0,0,0
63,6,23,7,1,9.7,0.29,0,0,1,2.7,1,1,0,1,0,0,0,0,0,0,0,1,0,0,1
28,9,21,2,0,0,0,1,0.4,0,0,1,1,1,0,0,0,0,0,0,0,0,0,0,0,1
22,9,22,0,0,0,0,1,0.9,0,0,0,0,0,0,0,0,0,0,0,0,0,1,0,0,0
24,7,19,0,0,0,0,1,4.1,0,0,1,1,1,0,0,0,0,0,1,0,0,1,1,1,1
74,1,19,9,0,0,0,1,4.7,0,0,0,0,0,0,0,0,0,0,0,0,0,0,0,0,0
68,11,19,8,0,0,0,1,6.2,0,0,0,0,0,0,0,0,0,0,0,0,0,0,1,1,1
43,1,22,6,0,0,0,0,0,0,0,0,0,0,0,0,0,0,0,0,0,0,0,0,0,0
20,7,19,0,0,0,0,1,3,0,0,0,0,0,0,0,0,0,0,0,0,0,0,0,0,0
21,4,21,0,0,0,0,0,0,0,0,0,0,0,0,0,0,0,0,0,0,0,0,0,0,0
22,13,18,1,0,0,0,0,0,0,0,0,0,0,0,0,0,0,0,0,0,0,0,0,0,0
31,4,17,0,0,0,0,1,7.4,0,0,0,0,0,0,0,0,0,0,0,0,0,0,0,0,0
64,2,16,9,0,0,0,1,3.8,0,0,0,0,0,0,0,0,0,0,0,0,0,0,0,0,0
33,5,16,3,0,0,0,0,0,0,0,0,0,0,0,0,0,0,0,0,0,0,0,0,0,0
67,2,20,9,0,0,0,0,0,0,0,1,1,1,0,1,0,0,0,0,0,0,1,0,1,1
22,1,16,?,0,0,0,1,4,0,0,0,0,0,0,0,0,0,0,0,0,0,0,0,0,0
21,5,21,0,0,0,0,1,4.8,0,0,0,0,0,0,0,0,0,0,0,0,0,0,0,0,0
20,7,17,?,0,0,0,1,4,0,0,0,0,0,0,0,0,0,0,0,0,0,0,0,0,0
36,1,19,5,0,0,0,1,10.7,0,0,1,1,0,0,0,0,0,0,0,0,0,0,1,0,1
26,4,19,2,0,0,0,0,0,0,0,0,0,0,0,0,0,0,0,0,0,0,0,0,0,0
24,3,17,1,0,0,0,0,0,0,0,0,0,0,0,0,0,0,0,0,0,0,0,0,0,0
54,1,16,?,0,0,0,0,0,0,0,0,0,0,0,0,0,0,0,0,0,0,0,0,0,0
35,1,19,4,0,0,0,0,0,0,0,0,0,0,0,0,0,0,0,0,0,0,0,0,0,0
20,1,20,0,0,0,0,1,4,0,0,0,0,0,0,0,0,0,0,0,0,0,0,0,0,0
32,4,22,2,1,7.5,0.24,1,5.1,0,0,0,0,0,0,0,0,0,0,0,0,0,0,0,0,0
74,3,19,0,0,0,0,1,8.2,0,0,0,0,0,0,0,0,0,0,0,0,0,0,0,0,0
65,2,17,9,0,0,0,0,0,0,0,0,0,0,0,0,0,0,0,0,0,0,0,0,0,0
68,1,19,0,0,0,0,0,0,0,0,0,0,0,0,0,0,0,0,0,0,0,0,0,0,0
20,1,16,?,0,0,0,0,0,0,0,0,0,0,0,0,0,0,0,0,0,0,0,0,0,0
21,2,15,1,0,0,0,1,5,0,0,0,0,0,0,0,0,0,0,0,0,0,0,1,0,0
22,1,17,1,0,0,0,1,3.6,0,0,0,0,0,0,0,0,0,0,0,0,0,0,0,0,0
43,1,16,0,0,0,0,1,6.8,0,0,0,0,0,0,0,0,0,0,0,0,0,0,0,0,0
20,1,17,1,0,0,0,1,4,0,0,0,0,0,0,0,0,0,0,0,0,0,0,0,0,0
20,3,15,0,0,0,0,1,4,0,0,0,0,0,0,0,0,0,0,0,0,0,1,0,0,0
27,1,21,1,0,0,0,1,8.9,1,0.4,0,0,0,0,0,0,0,0,0,0,0,0,0,1,1
42,1,22,4,1,2.5,2.23,1,2.1,0,0,0,0,0,0,0,0,0,0,0,0,0,0,0,1,1
50,5,19,4,0,0,0,1,1.7,0,0,1,1,1,0,0,0,0,0,0,0,0,1,1,0,1
47,7,20,6,1,9.4,2.17,1,10.9,0,0,0,0,0,0,0,0,0,0,0,0,0,0,0,1,0
29,4,19,1,0,0,0,0,0,0,0,1,1,1,0,0,0,0,0,0,0,0,0,0,0,0
30,2,18,1,0,0,0,1,0.9,0,0,0,0,0,0,0,0,0,0,0,0,0,0,0,0,0
65,1,18,0,0,0,0,0,0,0,0,0,0,0,0,0,0,0,0,0,0,0,0,0,0,0
27,1,22,1,1,13,2.19,0,0,0,0,0,0,0,0,0,0,0,0,0,0,0,0,0,0,1
20,7,20,0,0,0,0,1,2.9,0,0,0,0,0,0,0,0,0,0,0,0,0,0,0,0,0
33,1,22,3,0,0,0,1,4,0,0,0,0,0,0,0,0,0,0,0,0,0,0,0,0,0
62,1,21,9,0,0,0,0,0,0,0,0,0,0,0,0,0,0,0,0,0,0,0,0,0,0
34,5,18,5,0,0,0,1,10.6,0,0,1,2,1,1,0,0,0,0,0,0,0,0,1,0,0
33,1,22,2,0,0,0,1,2.2,1,0.7,0,0,0,0,0,0,0,0,0,0,0,0,0,0,0
42,1,22,4,0,0,0,1,0.3,1,8,1,1,0,0,0,0,0,0,0,0,0,0,0,0,0
67,1,16,?,0,0,0,1,9,0,0,0,0,0,0,0,0,0,0,0,0,0,0,0,0,0
37,4,19,5,0,0,0,0,0,0,0,0,0,0,0,0,0,0,0,0,0,0,0,0,0,0
51,6,16,8,0,0,0,0,0,0,0,0,0,0,0,0,0,0,0,0,0,0,0,0,0,0
28,2,17,3,0,0,0,1,9.1,0,0,0,0,0,0,0,0,0,0,0,0,0,1,0,0,0
60,4,20,9,0,0,0,1,11.8,0,0,0,0,0,0,0,0,0,0,0,0,0,0,0,0,0
20,2,20,0,0,0,0,1,4,0,0,1,1,1,0,0,0,1,0,0,0,0,0,0,0,0
20,9,20,0,0,0,0,1,4,0,0,1,2,0,0,0,0,0,0,0,0,0,0,1,0,0
22,?,19,0,1,7.6,2.33,0,0,0,0,0,0,0,0,0,0,0,0,0,0,0,0,0,0,0
24,12,19,0,0,0,0,0,0,0,0,0,0,0,0,0,0,0,0,0,0,0,0,0,0,0
33,3,16,0,0,0,0,0,0,0,0,0,0,0,0,0,0,0,0,0,0,0,0,0,0,0
24,4,22,0,0,0,0,1,4.8,0,0,0,0,0,0,0,0,0,0,0,0,0,0,1,0,0
53,1,17,5,1,14.9,0.69,1,9.3,0,0,1,1,0,0,0,0,1,0,0,0,0,1,1,1,1
64,1,18,0,0,0,0,1,5.1,0,0,1,1,0,1,0,0,0,0,0,0,0,0,1,0,1
23,2,23,0,1,6.7,0.75,1,1.5,1,2.3,0,0,0,0,0,0,0,0,0,0,0,0,0,0,0
20,2,18,0,0,0,0,1,4,0,0,0,0,0,0,0,0,0,0,0,0,0,0,0,0,0
39,1,20,?,0,0,0,1,6.6,0,0,0,0,0,0,0,0,0,0,0,0,0,1,0,0,0
60,1,?,4,0,0,0,0,0,0,0,1,1,1,0,0,0,0,0,0,0,0,1,0,0,0
59,1,21,5,0,0,0,1,10.3,0,0,0,0,0,0,0,0,0,0,0,0,0,0,0,0,0
45,2,18,5,0,0,0,1,5.8,0,0,0,0,0,0,0,0,0,0,0,0,0,0,0,0,0
34,1,20,3,0,0,0,0,0,0,0,0,0,0,0,0,0,0,0,0,0,0,0,0,0,0
21,10,17,0,0,0,0,0,0,0,0,0,0,0,0,0,0,0,0,0,0,0,1,0,0,0
66,1,21,0,1,7.9,0.91,1,8.8,0,0,0,0,0,0,0,0,0,0,0,0,0,1,0,0,0
21,13,21,0,0,0,0,1,5,0,0,0,0,0,0,0,0,0,0,0,0,0,1,0,0,0
35,1,23,3,0,0,0,0,0,0,0,0,0,0,0,0,0,0,0,0,0,0,0,0,0,0
34,?,18,3,0,0,0,1,1.1,1,4.3,0,0,0,0,0,0,0,0,0,0,0,0,0,0,0
24,4,16,2,0,0,0,1,1.6,0,0,1,2,1,0,0,0,0,0,0,0,0,0,0,0,0
20,2,20,0,0,0,0,0,0,0,0,0,0,0,0,0,0,0,0,0,0,0,0,0,0,0
67,7,19,8,0,0,0,0,0,0,0,0,0,0,0,0,0,0,0,0,0,0,0,0,0,0
47,2,18,4,0,0,0,1,9.3,0,0,0,0,0,0,0,0,0,0,0,0,0,0,0,0,0
73,1,?,9,0,0,0,1,10.6,0,0,0,0,0,0,0,0,0,0,0,0,0,0,1,0,0
35,2,15,4,0,0,0,1,5.9,0,0,0,0,0,0,0,0,0,0,0,0,0,0,1,0,0
73,1,23,0,0,0,0,1,2.3,0,0,0,0,0,0,0,0,0,0,0,0,0,0,0,0,0
67,4,22,9,0,0,0,1,6.6,0,0,0,0,0,0,0,0,0,0,0,0,0,1,0,0,0
24,7,19,1,0,0,0,0,0,0,0,0,0,0,0,0,0,0,0,0,0,0,0,0,0,0
21,1,19,0,0,0,0,0,0,0,0,0,0,0,0,0,0,0,0,0,0,0,0,0,0,0
45,9,21,6,0,0,0,1,5.7,0,0,0,0,0,0,0,0,0,0,0,0,0,0,0,0,0
25,1,18,1,0,0,0,0,0,0,0,0,0,0,0,0,0,0,0,0,0,0,0,0,0,0
21,2,21,0,0,0,0,1,5,0,0,0,0,0,0,0,0,0,0,0,0,0,0,0,0,0
42,1,18,6,1,4.8,0.88,0,0,0,0,0,0,0,0,0,0,0,0,0,0,0,0,0,0,0
27,1,18,2,0,0,0,0,0,0,0,0,0,0,0,0,0,0,0,0,0,0,0,0,0,0
30,1,23,0,0,0,0,0,0,0,0,0,0,0,0,0,0,0,0,0,0,0,0,0,0,0
61,1,21,5,0,0,0,1,2.2,0,0,0,0,0,0,0,0,0,0,0,0,0,0,0,0,0
24,9,17,1,0,0,0,1,3.8,0,0,0,0,0,0,0,0,0,0,0,0,0,0,0,1,0
52,1,17,9,0,0,0,0,0,1,0.6,0,0,0,0,0,0,0,0,0,0,0,0,0,0,0
20,13,20,0,0,0,0,0,0,0,0,0,0,0,0,0,0,0,0,0,0,0,0,1,0,1
55,9,22,5,0,0,0,1,4,0,0,0,0,0,0,0,0,0,0,0,0,0,0,0,0,0
26,1,20,0,0,0,0,0,0,0,0,0,0,0,0,0,0,0,0,0,0,0,0,0,0,0
26,7,19,0,1,8.4,2.78,1,5.8,0,0,0,0,0,0,0,0,0,0,0,0,0,0,0,0,0
31,4,19,1,0,0,0,1,0.4,0,0,0,0,0,0,0,0,0,0,0,0,0,0,0,0,0
48,1,18,8,0,0,0,1,0.7,0,0,0,0,0,0,0,0,0,0,0,0,0,0,0,0,0
20,6,16,1,0,0,0,1,1.5,0,0,0,0,0,0,0,0,0,0,0,0,0,0,0,0,0
73,7,15,7,0,0,0,1,7,0,0,0,0,0,0,0,0,0,0,0,0,0,0,0,1,0
24,?,17,0,0,0,0,1,7.6,0,0,0,0,0,0,0,0,0,0,0,0,0,0,0,0,0
62,1,19,8,0,0,0,1,2.4,0,0,0,0,0,0,0,0,0,0,0,0,0,1,1,0,1
21,1,19,0,0,0,0,0,0,0,0,0,0,0,0,0,0,0,0,0,0,0,0,0,0,0
60,1,21,9,0,0,0,1,5.6,0,0,0,0,0,0,0,0,0,0,0,0,0,0,0,0,0
40,1,16,6,0,0,0,0,0,0,0,0,0,0,0,0,0,0,0,0,0,0,0,0,0,0
20,4,20,0,0,0,0,0,0,0,0,0,0,0,0,0,0,0,0,0,0,0,0,0,0,0
45,1,17,0,0,0,0,1,6.1,1,0.8,0,0,0,0,0,0,0,0,0,0,0,0,0,0,0
25,1,23,1,1,0.5,1.99,0,0,0,0,0,0,0,0,0,0,0,0,0,0,0,0,0,0,0
64,1,17,9,0,0,0,1,6.6,1,7.6,0,0,0,0,0,0,0,0,0,0,0,0,0,0,1
45,5,21,5,0,0,0,0,0,0,0,0,0,0,0,0,0,0,0,0,0,0,0,0,0,0
31,1,16,?,0,0,0,1,6,0,0,0,0,0,0,0,0,0,0,0,0,0,0,1,0,1
31,11,16,2,0,0,0,1,0.5,0,0,0,0,0,0,0,0,0,0,0,0,0,0,0,0,0
23,1,16,1,0,0,0,1,7,0,0,0,0,0,0,0,0,0,0,0,0,0,0,1,0,0
51,1,16,4,0,0,0,1,1.7,0,0,0,0,0,0,0,0,0,0,0,0,0,0,0,0,0
38,1,19,5,0,0,0,1,8.3,0,0,0,0,0,0,0,0,0,0,0,0,0,0,0,0,0
54,5,20,5,1,4.7,1.31,1,1.4,0,0,0,0,0,0,0,0,0,0,0,0,0,1,1,1,0
20,1,17,1,0,0,0,1,4,0,0,0,0,0,0,0,0,0,0,0,0,0,0,0,0,0
26,7,16,1,0,0,0,0,0,0,0,0,0,0,0,0,0,0,0,0,0,0,0,0,0,0
68,8,21,7,0,0,0,0,0,0,0,0,0,0,0,0,0,0,0,0,0,0,0,1,0,1
21,?,21,0,0,0,0,0,0,0,0,0,0,0,0,0,0,0,0,0,0,0,0,0,0,0
64,1,15,0,0,0,0,0,0,0,0,0,0,0,0,0,0,0,0,0,0,0,0,0,0,1
21,2,17,0,0,0,0,1,5,0,0,0,0,0,0,0,0,0,0,1,1,1,1,1,1,1
54,2,17,9,0,0,0,1,9.4,0,0,0,0,0,0,0,0,0,0,0,0,0,0,0,0,0
42,1,22,2,0,0,0,1,5.1,0,0,0,0,0,0,0,0,0,0,0,0,0,0,0,0,0
61,1,17,6,0,0,0,0,0,0,0,0,0,0,0,0,0,0,0,0,0,0,0,0,0,0
24,4,16,1,1,6.8,1.49,1,4.2,0,0,0,0,0,0,0,0,0,0,0,1,0,1,1,1,1
62,1,21,0,0,0,0,1,2.8,0,0,0,0,0,0,0,0,0,0,0,0,0,0,0,0,0
74,6,17,0,0,0,0,0,0,0,0,0,0,0,0,0,0,0,0,0,0,0,0,0,0,0
36,6,16,0,0,0,0,1,5.2,0,0,0,0,0,0,0,0,0,0,0,0,0,0,0,0,0
27,4,22,0,0,0,0,0,0,0,0,0,0,0,0,0,0,0,0,0,0,0,0,1,0,0
30,5,20,2,0,0,0,1,9.7,0,0,0,0,0,0,0,0,0,0,0,0,0,1,1,0,0
24,8,19,1,0,0,0,0,0,0,0,0,0,0,0,0,0,0,0,0,0,0,1,0,0,0
29,1,15,4,1,15,1.42,0,0,0,0,0,0,0,0,0,0,0,0,0,0,0,0,0,0,0
50,1,19,8,0,0,0,0,0,0,0,0,0,0,0,0,0,0,0,0,0,0,0,0,0,0
67,2,19,9,0,0,0,1,11.3,0,0,0,0,0,0,0,0,0,0,0,0,0,0,0,1,0
27,?,22,1,0,0,0,1,8.2,0,0,0,0,0,0,0,0,0,0,0,0,0,0,0,0,0
42,4,16,0,0,0,0,0,0,0,0,0,0,0,0,0,0,0,0,0,0,0,0,0,0,0
62,12,21,9,0,0,0,1,7.1,0,0,0,0,0,0,0,0,0,0,0,0,0,0,0,0,0
72,4,20,9,0,0,0,1,4.8,0,0,0,0,0,0,0,0,0,0,0,0,0,0,0,0,0
68,1,17,0,0,0,0,0,0,1,5.2,0,0,0,0,0,0,0,0,0,0,0,0,0,0,0
32,5,22,3,0,0,0,1,6.4,0,0,0,0,0,0,0,0,0,0,0,0,0,0,1,0,0
53,9,15,9,1,2.1,2.07,1,0.8,1,0.9,0,0,0,0,0,0,0,0,0,0,0,0,1,0,0
74,3,21,9,0,0,0,1,9.5,0,0,0,0,0,0,0,0,0,0,0,0,0,0,0,0,0
37,6,22,2,0,0,0,1,0.7,0,0,1,1,0,0,0,0,0,0,0,0,0,0,0,0,0
38,11,19,5,0,0,0,1,7.3,1,4.4,0,0,0,0,0,0,0,0,0,0,0,0,0,1,0
75,13,15,?,0,0,0,0,0,0,0,0,0,0,0,0,0,0,0,0,0,0,1,1,0,0
37,1,15,3,0,0,0,0,0,1,1,0,0,0,0,0,0,0,0,1,0,1,1,1,1,1
49,5,19,0,1,15.5,2.15,1,4,0,0,0,0,0,0,0,0,0,0,0,0,0,1,1,0,0
55,?,16,6,0,0,0,1,10.4,0,0,1,1,0,1,0,0,0,0,0,0,0,0,1,1,0
63,10,22,9,0,0,0,1,6.3,0,0,0,0,0,0,0,0,0,0,0,0,0,0,0,0,0
42,2,15,0,0,0,0,0,0,0,0,0,0,0,0,0,0,0,0,0,0,0,0,0,0,0
74,1,18,9,0,0,0,1,7.8,1,5.3,0,0,0,0,0,0,0,0,0,0,0,0,0,0,0
26,1,20,1,0,0,0,1,6.6,0,0,0,0,0,0,0,0,0,0,0,0,0,0,0,0,0
47,1,21,0,0,0,0,1,8.5,1,3.6,0,0,0,0,0,0,0,0,0,0,0,0,1,0,0
20,10,20,0,0,0,0,1,4,0,0,1,1,1,0,0,0,0,0,0,0,0,0,0,0,1
30,3,?,2,0,0,0,1,4.5,1,0.6,0,0,0,0,0,0,0,0,0,0,0,0,0,0,0
24,11,16,0,0,0,0,0,0,0,0,0,0,0,0,0,0,0,0,0,0,0,0,0,0,0
21,5,20,0,0,0,0,0,0,0,0,0,0,0,0,0,0,0,0,0,0,0,0,0,0,0
27,2,17,3,0,0,0,1,3.5,0,0,0,0,0,0,0,0,0,0,0,0,0,0,0,0,0
48,3,21,3,0,0,0,1,10.6,0,0,0,0,0,0,0,0,0,0,0,0,0,0,1,0,1
24,3,21,0,0,0,0,0,0,0,0,0,0,0,0,0,0,0,0,0,0,0,0,1,0,1
21,11,21,0,0,0,0,1,5,0,0,0,0,0,0,0,0,0,0,0,0,0,0,0,1,1
39,1,20,4,0,0,0,1,3,0,0,1,1,0,0,0,1,0,0,0,0,0,0,0,0,0
24,2,15,2,0,0,0,1,0.8,0,0,0,0,0,0,0,0,0,0,0,0,0,1,1,0,1
25,1,22,0,0,0,0,0,0,0,0,0,0,0,0,0,0,0,0,0,0,0,1,0,0,1
20,1,20,0,0,0,0,1,4,0,0,0,0,0,0,0,0,0,0,0,0,0,0,0,0,0
44,10,22,3,0,0,0,0,0,0,0,0,0,0,0,0,0,0,0,0,0,0,1,0,0,0
37,5,17,6,0,0,0,0,0,0,0,0,0,0,0,0,0,0,0,0,0,0,0,0,0,0
46,1,16,?,0,0,0,0,0,0,0,1,1,0,0,0,0,0,1,1,0,1,1,1,1,1
56,3,17,5,0,0,0,0,0,0,0,0,0,0,0,0,0,0,0,0,0,0,0,0,0,0
72,1,22,9,1,0.5,0.56,1,6.4,0,0,0,0,0,0,0,0,0,0,0,0,0,0,0,0,0
42,11,18,3,1,11.9,2.41,0,0,0,0,0,0,0,0,0,0,0,0,0,0,0,0,0,0,0
49,2,18,6,0,0,0,1,10.2,0,0,0,0,0,0,0,0,0,0,0,0,0,0,1,0,1
29,8,16,3,0,0,0,1,2.6,0,0,1,1,1,0,0,0,1,0,0,0,0,1,0,1,0
37,3,15,4,0,0,0,1,8.6,0,0,0,0,0,0,0,0,0,0,0,0,0,0,0,1,1
25,2,22,0,0,0,0,0,0,0,0,1,1,0,0,0,0,0,0,0,0,0,0,0,0,0
23,1,15,1,0,0,0,1,5,0,0,1,2,0,0,0,0,0,1,0,0,1,1,1,1,1
63,1,20,5,0,0,0,0,0,0,0,0,0,0,0,0,0,0,0,0,0,0,0,0,0,1
50,1,21,4,0,0,0,1,4.9,0,0,0,0,0,0,0,0,0,0,0,0,0,0,0,0,0
29,2,23,0,0,0,0,0,0,0,0,0,0,0,0,0,0,0,0,0,0,0,0,0,0,0
28,1,20,2,1,11.2,0.71,0,0,0,0,0,0,0,0,0,0,0,0,0,0,0,0,1,0,1
62,3,19,0,0,0,0,0,0,0,0,1,1,0,0,0,0,0,1,1,0,1,1,1,1,1
20,1,18,0,0,0,0,1,4,0,0,0,0,0,0,0,0,0,0,0,0,0,0,0,0,0
47,1,22,6,0,0,0,1,8.6,0,0,0,0,0,0,0,0,0,0,0,0,0,0,0,0,1
65,3,19,9,0,0,0,1,6.5,0,0,0,0,0,0,0,0,0,0,0,0,0,0,0,0,0
20,9,?,0,0,0,0,1,4,0,0,1,1,1,0,0,0,0,1,1,0,1,1,1,1,0
21,2,16,1,0,0,0,1,3.4,0,0,0,0,0,0,0,0,0,0,0,0,0,0,1,0,0
70,2,23,8,0,0,0,1,11,0,0,0,0,0,0,0,0,0,0,0,0,0,0,0,0,0
21,1,18,0,0,0,0,1,5,0,0,0,0,0,0,0,0,0,0,0,0,0,0,0,0,0
28,?,17,3,1,12.2,1.53,1,1,0,0,1,1,1,0,0,0,0,0,0,0,0,1,0,0,1
40,1,20,0,1,8.7,0.76,0,0,0,0,1,1,1,1,0,0,0,0,0,0,0,0,0,1,0
21,3,18,0,0,0,0,0,0,0,0,0,0,0,0,0,0,0,0,0,0,0,1,0,0,0
44,2,18,7,0,0,0,1,11.2,1,4.5,0,0,0,0,0,0,0,0,0,0,0,0,0,0,0
44,1,16,4,0,0,0,0,0,0,0,0,0,0,0,0,0,0,0,0,0,0,0,0,0,0
24,1,21,1,0,0,0,0,0,0,0,0,0,0,0,0,0,0,0,0,0,0,0,0,0,0
20,2,16,1,0,0,0,0,0,0,0,0,0,0,0,0,0,0,0,0,0,0,0,0,0,0
21,9,21,0,0,0,0,1,4,0,0,1,1,1,0,0,0,0,0,0,0,0,0,1,0,0
22,1,15,2,0,0,0,0,0,0,0,0,0,0,0,0,0,0,0,0,0,0,0,0,0,0
20,6,16,0,0,0,0,0,0,0,0,0,0,0,0,0,0,0,0,0,0,0,1,0,0,0
56,1,17,0,0,0,0,1,3.3,0,0,0,0,0,0,0,0,0,0,0,0,0,0,0,0,0
23,?,21,0,0,0,0,1,1.2,0,0,0,0,0,0,0,0,0,0,0,0,0,0,0,0,1
60,6,21,9,0,0,0,1,7.6,0,0,0,0,0,0,0,0,0,0,0,0,0,1,0,0,0
34,1,19,0,0,0,0,1,6.1,0,0,0,0,0,0,0,0,0,0,0,0,0,0,0,0,0
23,10,22,0,0,0,0,1,6.4,0,0,0,0,0,0,0,0,0,0,0,0,0,0,0,0,0
73,1,22,0,0,0,0,0,0,0,0,0,0,0,0,0,0,0,0,0,0,0,0,0,0,0
23,1,16,2,0,0,0,1,4.7,0,0,1,1,1,1,0,0,0,0,0,0,0,0,0,0,0
22,2,22,0,0,0,0,1,2.6,0,0,0,0,0,0,0,0,0,0,0,0,0,0,0,0,0
72,1,20,0,0,0,0,0,0,0,0,0,0,0,0,0,0,0,0,0,0,0,0,0,0,0
27,2,20,2,0,0,0,1,3.6,0,0,0,0,0,0,0,0,0,0,0,0,1,0,1,1,1
72,11,19,9,0,0,0,0,0,0,0,0,0,0,0,0,0,0,0,0,0,0,0,0,0,0
26,1,18,2,0,0,0,0,0,0,0,0,0,0,0,0,0,0,0,0,0,0,0,0,0,0
55,12,22,4,0,0,0,1,10.5,0,0,0,0,0,0,0,0,0,0,0,0,0,0,0,1,0
66,2,?,0,0,0,0,1,4.7,0,0,0,0,0,0,0,0,0,0,0,0,0,0,0,0,0
33,6,20,2,1,9.9,0.94,1,9,0,0,0,0,0,0,0,0,0,0,0,0,0,0,0,0,0
41,1,16,5,0,0,0,0,0,0,0,0,0,0,0,0,0,0,0,0,0,0,0,0,0,0
37,1,17,0,0,0,0,1,1.9,1,7.9,0,0,0,0,0,0,0,0,0,0,0,1,0,0,0
21,3,16,1,0,0,0,0,0,0,0,0,0,0,0,0,0,0,0,0,0,0,1,0,0,0
21,7,19,0,0,0,0,0,0,0,0,1,1,0,0,0,0,0,0,0,0,0,0,0,1,0
50,1,?,9,1,9,1.25,1,1.1,0,0,0,0,0,0,0,0,0,0,0,0,0,0,0,0,0
36,3,22,2,0,0,0,1,5.8,0,0,0,0,0,0,0,0,0,0,0,0,0,0,0,0,0
45,1,21,0,0,0,0,1,0.6,0,0,0,0,0,0,0,0,0,0,0,0,0,0,0,0,0
20,11,18,0,0,0,0,0,0,0,0,0,0,0,0,0,0,0,0,0,0,0,0,1,0,1
72,2,20,?,0,0,0,1,8.3,0,0,0,0,0,0,0,0,0,0,0,0,0,0,0,0,0
55,1,17,6,1,7,0.52,1,5.7,0,0,0,0,0,0,0,0,0,0,0,0,0,0,0,0,0
24,9,23,0,0,0,0,1,8,0,0,0,0,0,0,0,0,0,0,0,0,0,0,0,0,0
37,1,21,2,0,0,0,1,6.4,0,0,0,0,0,0,0,0,0,0,0,0,0,0,0,0,0
23,1,19,1,0,0,0,0,0,1,1.1,0,0,0,0,0,0,0,0,0,0,0,0,1,0,0
21,1,21,0,0,0,0,1,0.2,0,0,0,0,0,0,0,0,0,0,0,0,0,0,0,0,0
41,1,16,0,1,16,1.57,1,3.5,0,0,0,0,0,0,0,0,0,0,0,0,0,0,1,0,1
49,5,19,?,0,0,0,1,11.1,1,6.1,0,0,0,0,0,0,0,0,0,0,1,1,1,0,0
22,8,?,0,0,0,0,0,0,0,0,0,0,0,0,0,0,0,0,0,0,0,0,0,1,1
61,3,19,5,0,0,0,1,10.3,0,0,0,0,0,0,0,0,0,0,0,0,0,0,0,0,0
36,4,21,2,0,0,0,1,10.8,0,0,0,0,0,0,0,0,0,0,0,0,0,0,0,1,0
57,2,23,6,0,0,0,1,3.5,0,0,0,0,0,0,0,0,0,0,0,0,0,0,0,0,0
21,3,21,0,0,0,0,0,0,0,0,0,0,0,0,0,0,0,0,0,0,0,0,0,0,0
47,2,16,5,0,0,0,1,7.3,0,0,0,0,0,0,0,0,0,0,0,0,0,0,0,0,0
37,5,23,0,0,0,0,1,0.2,0,0,0,0,0,0,0,0,0,0,0,0,0,0,0,0,0
45,9,21,3,0,0,0,1,7,0,0,1,1,1,0,0,0,0,0,0,0,0,0,0,0,0
47,8,17,7,0,0,0,1,6.3,0,0,0,0,0,0,0,0,0,0,0,0,0,0,1,0,0
21,5,19,?,1,1.6,2.51,1,3.7,0,0,0,0,0,0,0,0,0,0,0,0,0,0,0,0,0
42,5,22,5,1,0.5,2.34,0,0,0,0,0,0,0,0,0,0,0,0,0,0,0,0,1,1,0
26,3,16,0,0,0,0,1,5.5,0,0,0,0,0,0,0,0,0,0,0,0,0,0,0,0,0
20,1,20,0,0,0,0,0,0,0,0,0,0,0,0,0,0,0,0,0,0,0,0,1,0,0
22,8,20,1,0,0,0,1,3.9,0,0,1,1,1,0,0,0,0,0,0,0,0,0,1,0,1
75,5,20,9,0,0,0,1,8.9,0,0,0,0,0,0,0,0,0,0,0,0,0,0,0,0,0
21,12,20,0,0,0,0,1,5,0,0,0,0,0,0,0,0,0,0,0,0,0,0,0,0,0
32,2,20,?,1,2.3,2.13,1,0.3,0,0,0,0,0,0,0,0,0,0,0,0,0,0,0,0,0
38,3,18,4,0,0,0,0,0,0,0,0,0,0,0,0,0,0,0,0,0,0,0,0,0,0
34,8,17,3,1,14.7,2.45,0,0,0,0,0,0,0,0,0,0,0,0,0,0,0,0,0,0,0
22,1,17,1,0,0,0,0,0,0,0,0,0,0,0,0,0,0,0,0,0,0,0,0,0,0
20,2,20,0,0,0,0,1,2.9,0,0,0,0,0,0,0,0,0,0,0,0,0,0,0,0,1
56,1,15,9,0,0,0,0,0,0,0,0,0,0,0,0,0,0,0,0,0,0,0,0,0,0
39,5,21,0,0,0,0,0,0,0,0,0,0,0,0,0,0,0,0,0,0,0,0,0,0,0
57,1,22,5,1,6.5,1.31,1,0.4,0,0,0,0,0,0,0,0,0,0,0,0,0,0,0,0,0
37,1,23,0,0,0,0,0,0,0,0,0,0,0,0,0,0,0,0,0,0,0,0,0,0,0
23,2,20,0,0,0,0,1,6,0,0,0,0,0,0,0,0,0,0,0,0,0,0,1,0,0
33,1,19,1,0,0,0,1,5.7,0,0,0,0,0,0,0,0,0,0,0,0,0,0,0,0,0
49,3,22,5,0,0,0,0,0,0,0,0,0,0,0,0,0,0,0,0,0,0,1,0,0,0
22,7,15,2,0,0,0,0,0,0,0,1,1,1,0,0,0,0,0,0,0,0,0,0,0,0
21,6,19,0,0,0,0,1,5,0,0,0,0,0,0,0,0,0,0,0,0,0,0,0,0,0
20,2,20,0,1,6,1.66,1,3.4,0,0,0,0,0,0,0,0,0,0,0,0,0,1,0,0,0
22,4,17,1,1,4.5,2.75,0,0,0,0,0,0,0,0,0,0,0,0,0,0,0,0,0,0,0
26,4,21,1,1,9.3,0.14,1,10,0,0,0,0,0,0,0,0,0,0,0,0,0,1,1,1,1
20,1,19,0,1,6,1.42,1,4,0,0,0,0,0,0,0,0,0,0,0,0,0,0,0,1,0
46,1,20,5,1,15.4,1.18,0,0,0,0,0,0,0,0,0,0,0,0,0,0,0,0,1,0,0
24,2,20,0,0,0,0,1,7,0,0,0,0,0,0,0,0,0,0,0,0,0,0,1,0,1
43,6,17,3,0,0,0,0,0,0,0,0,0,0,0,0,0,0,0,0,0,1,1,1,1,1
36,1,20,3,0,0,0,1,9.6,0,0,0,0,0,0,0,0,0,0,0,0,0,0,0,0,1
35,1,20,3,1,12.5,1.16,0,0,0,0,0,0,0,0,0,0,0,0,0,0,0,0,1,0,1
21,12,17,0,0,0,0,1,5,0,0,0,0,0,0,0,0,0,0,0,0,0,0,0,0,0
60,6,22,0,1,12.3,0.58,1,8.1,0,0,0,0,0,0,0,0,0,0,0,0,0,0,1,0,1
52,1,20,5,0,0,0,1,1.1,0,0,0,0,0,0,0,0,0,0,0,0,0,0,0,0,0
40,2,23,2,0,0,0,1,7.5,0,0,0,0,0,0,0,0,0,0,0,0,0,0,0,0,0
56,1,16,5,0,0,0,1,0.6,0,0,0,0,0,0,0,0,0,0,0,0,0,0,1,0,1
25,1,20,0,0,0,0,0,0,0,0,0,0,0,0,0,0,0,0,0,0,0,0,0,0,0
37,?,19,5,0,0,0,0,0,0,0,0,0,0,0,0,0,0,0,0,0,0,0,0,0,0
21,12,16,1,1,1.7,0.4,0,0,0,0,0,0,0,0,0,0,0,0,0,0,0,0,0,0,0
21,2,17,0,0,0,0,0,0,0,0,0,0,0,0,0,0,0,0,0,0,0,0,0,0,0
52,1,19,0,0,0,0,0,0,0,0,0,0,0,0,0,0,0,0,0,0,0,0,0,1,0
47,1,19,8,0,0,0,0,0,0,0,0,0,0,0,0,0,0,0,0,1,1,1,1,1,0
29,3,20,0,0,0,0,0,0,0,0,0,0,0,0,0,0,0,0,0,0,0,1,0,0,0
24,1,17,2,1,10,0.57,1,8,0,0,0,0,0,0,0,0,0,0,0,0,0,0,0,1,0
20,1,19,0,1,6,1.41,1,4,0,0,0,0,0,0,0,0,0,0,0,0,0,0,0,1,0
39,13,18,4,0,0,0,0,0,0,0,0,0,0,0,0,0,0,0,0,0,0,0,1,0,0
20,2,19,0,0,0,0,0,0,0,0,0,0,0,0,0,0,0,0,0,0,0,0,0,0,0
32,2,23,0,0,0,0,0,0,0,0,0,0,0,0,0,0,0,0,0,0,0,0,0,0,0
46,1,15,3,0,0,0,0,0,0,0,0,0,0,0,0,0,0,0,0,0,0,0,0,0,0
50,8,17,6,0,0,0,0,0,1,3.3,0,0,0,0,0,0,0,0,0,0,0,0,0,0,0
20,1,19,0,1,6,2,1,4,0,0,0,0,0,0,0,0,0,0,0,0,0,0,1,1,1
66,1,21,9,1,9.8,2.61,1,0.6,0,0,0,0,0,0,0,0,0,0,0,0,0,0,0,0,0
32,10,16,0,0,0,0,0,0,0,0,0,0,0,0,0,0,0,0,0,0,0,1,0,0,0
20,5,20,0,1,5.3,1.1,0,0,0,0,0,0,0,0,0,0,0,0,0,0,0,1,0,0,0
21,7,19,1,0,0,0,0,0,0,0,0,0,0,0,0,0,0,0,0,0,0,1,0,0,0
20,2,18,1,0,0,0,1,3.1,0,0,1,1,0,0,0,0,1,1,0,0,1,0,1,1,1
50,7,18,6,0,0,0,1,6.7,0,0,0,0,0,0,0,0,0,0,0,0,0,0,0,0,0
26,1,17,0,0,0,0,1,10,1,1.9,0,0,0,0,0,0,0,0,0,0,0,0,0,0,0
69,8,20,0,0,0,0,0,0,0,0,0,0,0,0,0,0,0,0,0,0,0,0,0,0,0
22,7,19,1,0,0,0,1,6,0,0,0,0,0,0,0,0,0,0,0,0,0,0,0,0,0
27,12,18,1,0,0,0,0,0,0,0,0,0,0,0,0,0,0,0,0,0,0,0,0,0,0
25,8,22,0,0,0,0,1,3.3,0,0,0,0,0,0,0,0,0,0,0,0,0,0,1,0,0
69,2,23,8,0,0,0,1,11.5,0,0,0,0,0,0,0,0,0,0,0,0,0,0,0,0,0
40,2,20,5,0,0,0,1,1.3,0,0,0,0,0,0,0,0,0,0,0,0,0,0,0,0,0
46,13,19,0,0,0,0,1,4.2,0,0,0,0,0,0,0,0,0,0,0,0,0,0,0,0,0
26,2,19,1,0,0,0,0,0,1,7.6,0,0,0,0,0,0,0,0,0,0,0,0,0,0,0
34,6,16,3,1,17.6,2.85,1,8.7,0,0,1,1,0,1,0,0,1,1,1,1,1,1,1,1,0
39,10,21,2,0,0,0,1,7.8,0,0,0,0,0,0,0,0,0,0,0,0,0,0,0,0,1
30,8,17,2,0,0,0,1,10.4,0,0,0,0,0,0,0,0,0,0,0,0,0,1,0,0,0
51,1,21,7,1,5.9,2.37,0,0,0,0,0,0,0,0,0,0,0,0,0,0,0,0,0,0,1
68,3,23,9,0,0,0,1,0.2,0,0,0,0,0,0,0,0,0,0,0,0,0,1,0,0,0
53,12,20,8,0,0,0,1,5.5,0,0,0,0,0,0,0,0,0,0,0,0,0,0,0,0,0
29,12,23,0,0,0,0,1,4.7,0,0,0,0,0,0,0,0,0,0,0,0,0,0,0,0,0
29,1,22,1,0,0,0,1,3.5,0,0,0,0,0,0,0,0,0,0,0,0,0,0,0,0,0
54,4,20,9,0,0,0,0,0,0,0,0,0,0,0,0,0,0,0,0,0,0,0,0,0,0
20,2,18,0,0,0,0,0,0,0,0,0,0,0,0,0,0,0,0,0,0,0,0,0,0,0
22,2,22,0,0,0,0,1,5.1,0,0,1,2,1,0,0,0,0,0,0,0,0,0,0,0,0
34,3,18,?,0,0,0,1,9,0,0,0,0,0,0,0,0,0,0,0,0,0,0,0,1,1
23,1,17,?,0,0,0,0,0,0,0,0,0,0,0,0,0,0,0,0,0,0,0,0,0,0
38,3,17,?,0,0,0,0,0,1,1.5,0,0,0,0,0,0,0,0,0,0,0,0,1,0,0